#,Protective Aluminum Coating (SiO2),,,,,,,,,,
#WL,Primary ,Secondary,Tertiary,,,,,,,,
300,0.910,0.910,0.910,,,,,,,,0.752
301,0.910,0.910,0.910,,,,,,,,0.753
302,0.910,0.910,0.910,,,,,,,,0.753
303,0.910,0.910,0.910,,,,,,,,0.753
304,0.910,0.910,0.910,,,,,,,,0.754
305,0.910,0.910,0.910,,,,,,,,0.754
306,0.910,0.910,0.910,,,,,,,,0.754
307,0.910,0.910,0.910,,,,,,,,0.754
308,0.910,0.910,0.910,,,,,,,,0.755
309,0.911,0.911,0.911,,,,,,,,0.755
310,0.911,0.911,0.911,,,,,,,,0.755
311,0.911,0.911,0.911,,,,,,,,0.756
312,0.911,0.911,0.911,,,,,,,,0.756
313,0.911,0.911,0.911,,,,,,,,0.756
314,0.911,0.911,0.911,,,,,,,,0.757
315,0.911,0.911,0.911,,,,,,,,0.757
316,0.911,0.911,0.911,,,,,,,,0.757
317,0.912,0.912,0.912,,,,,,,,0.757
318,0.912,0.912,0.912,,,,,,,,0.758
319,0.912,0.912,0.912,,,,,,,,0.758
320,0.912,0.912,0.912,,Start U Filter,,,,,,0.758
321,0.912,0.912,0.912,,,,,,,,0.759
322,0.912,0.912,0.912,,,,,,,,0.759
323,0.912,0.912,0.912,,,,,,,,0.759
324,0.912,0.912,0.912,,,,,,,,0.760
325,0.913,0.913,0.913,,,,,,,,0.760
326,0.913,0.913,0.913,,,,,,,,0.761
327,0.913,0.913,0.913,,,,,,,,0.761
328,0.913,0.913,0.913,,,,,,,,0.761
329,0.913,0.913,0.913,,,,,,,,0.762
330,0.913,0.913,0.913,,,,,,,,0.762
331,0.913,0.913,0.913,,,,,,,,0.762
332,0.914,0.914,0.914,,,,,,,,0.763
333,0.914,0.914,0.914,,,,,,,,0.763
334,0.914,0.914,0.914,,,,,,,,0.763
335,0.914,0.914,0.914,,,,,,,,0.764
336,0.914,0.914,0.914,,,,,,,,0.764
337,0.914,0.914,0.914,,,,,,,,0.764
338,0.915,0.915,0.915,,,,,,,,0.765
339,0.915,0.915,0.915,,,,,,,,0.765
340,0.915,0.915,0.915,,,,,,,,0.765
341,0.915,0.915,0.915,,,,,,,,0.766
342,0.915,0.915,0.915,,,,,,,,0.766
343,0.915,0.915,0.915,,,,,,,,0.766
344,0.915,0.915,0.915,,,,,,,,0.766
345,0.915,0.915,0.915,,,,,,,,0.767
346,0.915,0.915,0.915,,,,,,,,0.767
347,0.915,0.915,0.915,,,,,,,,0.767
348,0.915,0.915,0.915,,,,,,,,0.767
349,0.916,0.916,0.916,,,,,,,,0.767
350,0.916,0.916,0.916,,,,,,,,0.768
351,0.916,0.916,0.916,,,,,,,,0.768
352,0.916,0.916,0.916,,,,,,,,0.768
353,0.916,0.916,0.916,,,,,,,,0.768
354,0.916,0.916,0.916,,,,,,,,0.768
355,0.916,0.916,0.916,,,,,,,,0.769
356,0.916,0.916,0.916,,,,,,,,0.769
357,0.916,0.916,0.916,,,,,,,,0.769
358,0.916,0.916,0.916,,,,,,,,0.769
359,0.916,0.916,0.916,,,,,,,,0.770
360,0.916,0.916,0.916,,,,,,,,0.770
361,0.917,0.917,0.917,,,,,,,,0.770
362,0.917,0.917,0.917,,,,,,,,0.770
363,0.917,0.917,0.917,,,,,,,,0.771
364,0.917,0.917,0.917,,,,,,,,0.771
365,0.917,0.917,0.917,,,,,,,,0.772
366,0.917,0.917,0.917,,,,,,,,0.772
367,0.917,0.917,0.917,,,,,,,,0.772
368,0.918,0.918,0.918,,,,,,,,0.773
369,0.918,0.918,0.918,,,,,,,,0.773
370,0.918,0.918,0.918,,,,,,,,0.773
371,0.918,0.918,0.918,,,,,,,,0.774
372,0.918,0.918,0.918,,,,,,,,0.774
373,0.918,0.918,0.918,,,,,,,,0.774
374,0.918,0.918,0.918,,,,,,,,0.775
375,0.919,0.919,0.919,,,,,,,,0.775
376,0.919,0.919,0.919,,,,,,,,0.776
377,0.919,0.919,0.919,,,,,,,,0.776
378,0.919,0.919,0.919,,,,,,,,0.776
379,0.919,0.919,0.919,,,,,,,,0.777
380,0.919,0.919,0.919,,,,,,,,0.777
381,0.919,0.919,0.919,,,,,,,,0.777
382,0.919,0.919,0.919,,,,,,,,0.777
383,0.919,0.919,0.919,,,,,,,,0.777
384,0.920,0.920,0.920,,,,,,,,0.778
385,0.920,0.920,0.920,,,,,,,,0.778
386,0.920,0.920,0.920,,,,,,,,0.778
387,0.920,0.920,0.920,,,,,,,,0.778
388,0.920,0.920,0.920,,,,,,,,0.778
389,0.920,0.920,0.920,,,,,,,,0.778
390,0.920,0.920,0.920,,,,,,,,0.779
391,0.920,0.920,0.920,,,,,,,,0.779
392,0.920,0.920,0.920,,,,,,,,0.779
393,0.920,0.920,0.920,,,,,,,,0.779
394,0.920,0.920,0.920,,,,,,,,0.779
395,0.920,0.920,0.920,,,,,,,,0.780
396,0.920,0.920,0.920,,,,,,,,0.780
397,0.920,0.920,0.920,,,,,,,,0.780
398,0.921,0.921,0.921,,,,,,,,0.780
399,0.921,0.921,0.921,,,,,,,,0.780
400,0.921,0.921,0.921,,End U Filter,,,,,,0.780
401,0.921,0.921,0.921,,,,,,,,0.780
402,0.921,0.921,0.921,,,,Start G Filter,,,,0.780
403,0.921,0.921,0.921,,,,,,,,0.781
404,0.921,0.921,0.921,,,,,,,,0.781
405,0.921,0.921,0.921,,,,,,,,0.781
406,0.921,0.921,0.921,,,,,,,,0.781
407,0.921,0.921,0.921,,,,,,,,0.781
408,0.921,0.921,0.921,,,,,,,,0.781
409,0.921,0.921,0.921,,,,,,,,0.781
410,0.921,0.921,0.921,,,,,,,,0.781
411,0.921,0.921,0.921,,,,,,,,0.781
412,0.921,0.921,0.921,,,,,,,,0.781
413,0.921,0.921,0.921,,,,,,,,0.781
414,0.921,0.921,0.921,,,,,,,,0.781
415,0.921,0.921,0.921,,,,,,,,0.781
416,0.921,0.921,0.921,,,,,,,,0.781
417,0.921,0.921,0.921,,,,,,,,0.781
418,0.921,0.921,0.921,,,,,,,,0.781
419,0.921,0.921,0.921,,,,,,,,0.781
420,0.921,0.921,0.921,,,,,,,,0.782
421,0.921,0.921,0.921,,,,,,,,0.782
422,0.921,0.921,0.921,,,,,,,,0.782
423,0.921,0.921,0.921,,,,,,,,0.782
424,0.921,0.921,0.921,,,,,,,,0.782
425,0.921,0.921,0.921,,,,,,,,0.782
426,0.921,0.921,0.921,,,,,,,,0.782
427,0.921,0.921,0.921,,,,,,,,0.782
428,0.921,0.921,0.921,,,,,,,,0.782
429,0.921,0.921,0.921,,,,,,,,0.782
430,0.921,0.921,0.921,,,,,,,,0.782
431,0.921,0.921,0.921,,,,,,,,0.782
432,0.922,0.922,0.922,,,,,,,,0.783
433,0.922,0.922,0.922,,,,,,,,0.783
434,0.922,0.922,0.922,,,,,,,,0.783
435,0.922,0.922,0.922,,,,,,,,0.783
436,0.922,0.922,0.922,,,,,,,,0.783
437,0.922,0.922,0.922,,,,,,,,0.783
438,0.921,0.921,0.921,,,,,,,,0.782
439,0.921,0.921,0.921,,,,,,,,0.782
440,0.921,0.921,0.921,,,,,,,,0.782
441,0.921,0.921,0.921,,,,,,,,0.782
442,0.921,0.921,0.921,,,,,,,,0.782
443,0.921,0.921,0.921,,,,,,,,0.781
444,0.921,0.921,0.921,,,,,,,,0.781
445,0.921,0.921,0.921,,,,,,,,0.781
446,0.921,0.921,0.921,,,,,,,,0.781
447,0.921,0.921,0.921,,,,,,,,0.781
448,0.921,0.921,0.921,,,,,,,,0.781
449,0.921,0.921,0.921,,,,,,,,0.780
450,0.921,0.921,0.921,,,,,,,,0.780
451,0.921,0.921,0.921,,,,,,,,0.780
452,0.920,0.920,0.920,,,,,,,,0.780
453,0.920,0.920,0.920,,,,,,,,0.780
454,0.920,0.920,0.920,,,,,,,,0.779
455,0.920,0.920,0.920,,,,,,,,0.779
456,0.920,0.920,0.920,,,,,,,,0.779
457,0.920,0.920,0.920,,,,,,,,0.779
458,0.920,0.920,0.920,,,,,,,,0.779
459,0.920,0.920,0.920,,,,,,,,0.778
460,0.920,0.920,0.920,,,,,,,,0.778
461,0.920,0.920,0.920,,,,,,,,0.778
462,0.920,0.920,0.920,,,,,,,,0.778
463,0.920,0.920,0.920,,,,,,,,0.778
464,0.920,0.920,0.920,,,,,,,,0.778
465,0.919,0.919,0.919,,,,,,,,0.777
466,0.919,0.919,0.919,,,,,,,,0.777
467,0.919,0.919,0.919,,,,,,,,0.777
468,0.919,0.919,0.919,,,,,,,,0.777
469,0.919,0.919,0.919,,,,,,,,0.777
470,0.919,0.919,0.919,,,,,,,,0.777
471,0.919,0.919,0.919,,,,,,,,0.777
472,0.919,0.919,0.919,,,,,,,,0.776
473,0.919,0.919,0.919,,,,,,,,0.776
474,0.919,0.919,0.919,,,,,,,,0.776
475,0.919,0.919,0.919,,,,,,,,0.776
476,0.919,0.919,0.919,,,,,,,,0.776
477,0.919,0.919,0.919,,,,,,,,0.776
478,0.919,0.919,0.919,,,,,,,,0.776
479,0.919,0.919,0.919,,,,,,,,0.776
480,0.919,0.919,0.919,,,,,,,,0.775
481,0.919,0.919,0.919,,,,,,,,0.775
482,0.919,0.919,0.919,,,,,,,,0.775
483,0.919,0.919,0.919,,,,,,,,0.775
484,0.919,0.919,0.919,,,,,,,,0.775
485,0.919,0.919,0.919,,,,,,,,0.775
486,0.918,0.918,0.918,,,,,,,,0.775
487,0.918,0.918,0.918,,,,,,,,0.775
488,0.918,0.918,0.918,,,,,,,,0.775
489,0.918,0.918,0.918,,,,,,,,0.775
490,0.918,0.918,0.918,,,,,,,,0.775
491,0.918,0.918,0.918,,,,,,,,0.774
492,0.918,0.918,0.918,,,,,,,,0.774
493,0.918,0.918,0.918,,,,,,,,0.774
494,0.918,0.918,0.918,,,,,,,,0.774
495,0.918,0.918,0.918,,,,,,,,0.773
496,0.918,0.918,0.918,,,,,,,,0.773
497,0.918,0.918,0.918,,,,,,,,0.773
498,0.918,0.918,0.918,,,,,,,,0.772
499,0.917,0.917,0.917,,,,,,,,0.772
500,0.917,0.917,0.917,,,,,,,,0.772
501,0.917,0.917,0.917,,,,,,,,0.772
502,0.917,0.917,0.917,,,,,,,,0.771
503,0.917,0.917,0.917,,,,,,,,0.771
504,0.917,0.917,0.917,,,,,,,,0.771
505,0.917,0.917,0.917,,,,,,,,0.770
506,0.917,0.917,0.917,,,,,,,,0.770
507,0.916,0.916,0.916,,,,,,,,0.770
508,0.916,0.916,0.916,,,,,,,,0.769
509,0.916,0.916,0.916,,,,,,,,0.769
510,0.916,0.916,0.916,,,,,,,,0.769
511,0.916,0.916,0.916,,,,,,,,0.769
512,0.916,0.916,0.916,,,,,,,,0.768
513,0.916,0.916,0.916,,,,,,,,0.768
514,0.916,0.916,0.916,,,,,,,,0.768
515,0.916,0.916,0.916,,,,,,,,0.767
516,0.915,0.915,0.915,,,,,,,,0.767
517,0.915,0.915,0.915,,,,,,,,0.767
518,0.915,0.915,0.915,,,,,,,,0.767
519,0.915,0.915,0.915,,,,,,,,0.766
520,0.915,0.915,0.915,,,,,,,,0.766
521,0.915,0.915,0.915,,,,,,,,0.766
522,0.915,0.915,0.915,,,,,,,,0.766
523,0.915,0.915,0.915,,,,,,,,0.765
524,0.915,0.915,0.915,,,,,,,,0.765
525,0.915,0.915,0.915,,,,,,,,0.765
526,0.914,0.914,0.914,,,,,,,,0.765
527,0.914,0.914,0.914,,,,,,,,0.765
528,0.914,0.914,0.914,,,,,,,,0.764
529,0.914,0.914,0.914,,,,,,,,0.764
530,0.914,0.914,0.914,,,,,,,,0.764
531,0.914,0.914,0.914,,,,,,,,0.764
532,0.914,0.914,0.914,,,,,,,,0.763
533,0.914,0.914,0.914,,,,,,,,0.763
534,0.914,0.914,0.914,,,,,,,,0.763
535,0.914,0.914,0.914,,,,,,,,0.763
536,0.914,0.914,0.914,,,,,,,,0.763
537,0.914,0.914,0.914,,,,,,,,0.762
538,0.913,0.913,0.913,,,,,,,,0.762
539,0.913,0.913,0.913,,,,,,,,0.762
540,0.913,0.913,0.913,,,,,,,,0.762
541,0.913,0.913,0.913,,,,,,,,0.762
542,0.913,0.913,0.913,,,,,,,,0.761
543,0.913,0.913,0.913,,,,,,,,0.761
544,0.913,0.913,0.913,,,,,,,,0.761
545,0.913,0.913,0.913,,,,,,,,0.761
546,0.913,0.913,0.913,,,,,,,,0.761
547,0.913,0.913,0.913,,,,,,,,0.761
548,0.913,0.913,0.913,,,,,,,,0.760
549,0.913,0.913,0.913,,,,,,,,0.760
550,0.913,0.913,0.913,,,,,,,,0.760
551,0.913,0.913,0.913,,,,,,,,0.760
552,0.913,0.913,0.913,,,,End G Filter,,,,0.760
553,0.913,0.913,0.913,,,,,,Start R Filter,,0.760
554,0.913,0.913,0.913,,,,,,,,0.760
555,0.912,0.912,0.912,,,,,,,,0.760
556,0.912,0.912,0.912,,,,,,,,0.760
557,0.912,0.912,0.912,,,,,,,,0.760
558,0.912,0.912,0.912,,,,,,,,0.760
559,0.912,0.912,0.912,,,,,,,,0.759
560,0.912,0.912,0.912,,,,,,,,0.759
561,0.912,0.912,0.912,,,,,,,,0.759
562,0.912,0.912,0.912,,,,,,,,0.759
563,0.912,0.912,0.912,,,,,,,,0.759
564,0.912,0.912,0.912,,,,,,,,0.759
565,0.912,0.912,0.912,,,,,,,,0.759
566,0.912,0.912,0.912,,,,,,,,0.759
567,0.912,0.912,0.912,,,,,,,,0.759
568,0.912,0.912,0.912,,,,,,,,0.759
569,0.912,0.912,0.912,,,,,,,,0.759
570,0.912,0.912,0.912,,,,,,,,0.759
571,0.912,0.912,0.912,,,,,,,,0.759
572,0.912,0.912,0.912,,,,,,,,0.759
573,0.912,0.912,0.912,,,,,,,,0.759
574,0.912,0.912,0.912,,,,,,,,0.759
575,0.912,0.912,0.912,,,,,,,,0.758
576,0.912,0.912,0.912,,,,,,,,0.758
577,0.912,0.912,0.912,,,,,,,,0.758
578,0.912,0.912,0.912,,,,,,,,0.758
579,0.912,0.912,0.912,,,,,,,,0.758
580,0.912,0.912,0.912,,,,,,,,0.758
581,0.911,0.911,0.911,,,,,,,,0.757
582,0.911,0.911,0.911,,,,,,,,0.757
583,0.911,0.911,0.911,,,,,,,,0.756
584,0.911,0.911,0.911,,,,,,,,0.756
585,0.911,0.911,0.911,,,,,,,,0.756
586,0.911,0.911,0.911,,,,,,,,0.755
587,0.911,0.911,0.911,,,,,,,,0.755
588,0.910,0.910,0.910,,,,,,,,0.755
589,0.910,0.910,0.910,,,,,,,,0.754
590,0.910,0.910,0.910,,,,,,,,0.754
591,0.910,0.910,0.910,,,,,,,,0.754
592,0.910,0.910,0.910,,,,,,,,0.753
593,0.910,0.910,0.910,,,,,,,,0.753
594,0.910,0.910,0.910,,,,,,,,0.753
595,0.909,0.909,0.909,,,,,,,,0.752
596,0.909,0.909,0.909,,,,,,,,0.752
597,0.909,0.909,0.909,,,,,,,,0.752
598,0.909,0.909,0.909,,,,,,,,0.751
599,0.909,0.909,0.909,,,,,,,,0.751
600,0.909,0.909,0.909,,,,,,,,0.751
601,0.909,0.909,0.909,,,,,,,,0.750
602,0.909,0.909,0.909,,,,,,,,0.750
603,0.908,0.908,0.908,,,,,,,,0.750
604,0.908,0.908,0.908,,,,,,,,0.749
605,0.908,0.908,0.908,,,,,,,,0.749
606,0.908,0.908,0.908,,,,,,,,0.749
607,0.908,0.908,0.908,,,,,,,,0.749
608,0.908,0.908,0.908,,,,,,,,0.748
609,0.908,0.908,0.908,,,,,,,,0.748
610,0.908,0.908,0.908,,,,,,,,0.748
611,0.908,0.908,0.908,,,,,,,,0.747
612,0.907,0.907,0.907,,,,,,,,0.747
613,0.907,0.907,0.907,,,,,,,,0.747
614,0.907,0.907,0.907,,,,,,,,0.747
615,0.907,0.907,0.907,,,,,,,,0.746
616,0.907,0.907,0.907,,,,,,,,0.746
617,0.907,0.907,0.907,,,,,,,,0.746
618,0.907,0.907,0.907,,,,,,,,0.746
619,0.907,0.907,0.907,,,,,,,,0.745
620,0.907,0.907,0.907,,,,,,,,0.745
621,0.907,0.907,0.907,,,,,,,,0.745
622,0.906,0.906,0.906,,,,,,,,0.745
623,0.906,0.906,0.906,,,,,,,,0.744
624,0.906,0.906,0.906,,,,,,,,0.744
625,0.906,0.906,0.906,,,,,,,,0.744
626,0.906,0.906,0.906,,,,,,,,0.744
627,0.906,0.906,0.906,,,,,,,,0.744
628,0.906,0.906,0.906,,,,,,,,0.743
629,0.906,0.906,0.906,,,,,,,,0.743
630,0.906,0.906,0.906,,,,,,,,0.743
631,0.906,0.906,0.906,,,,,,,,0.743
632,0.906,0.906,0.906,,,,,,,,0.743
633,0.905,0.905,0.905,,,,,,,,0.742
634,0.905,0.905,0.905,,,,,,,,0.742
635,0.905,0.905,0.905,,,,,,,,0.742
636,0.905,0.905,0.905,,,,,,,,0.742
637,0.905,0.905,0.905,,,,,,,,0.742
638,0.905,0.905,0.905,,,,,,,,0.742
639,0.905,0.905,0.905,,,,,,,,0.741
640,0.905,0.905,0.905,,,,,,,,0.741
641,0.905,0.905,0.905,,,,,,,,0.741
642,0.905,0.905,0.905,,,,,,,,0.741
643,0.905,0.905,0.905,,,,,,,,0.740
644,0.905,0.905,0.905,,,,,,,,0.740
645,0.905,0.905,0.905,,,,,,,,0.740
646,0.904,0.904,0.904,,,,,,,,0.740
647,0.904,0.904,0.904,,,,,,,,0.740
648,0.904,0.904,0.904,,,,,,,,0.740
649,0.904,0.904,0.904,,,,,,,,0.739
650,0.904,0.904,0.904,,,,,,,,0.739
651,0.904,0.904,0.904,,,,,,,,0.738
652,0.903,0.903,0.903,,,,,,,,0.737
653,0.903,0.903,0.903,,,,,,,,0.736
654,0.902,0.902,0.902,,,,,,,,0.734
655,0.902,0.902,0.902,,,,,,,,0.734
656,0.901,0.901,0.901,,,,,,,,0.732
657,0.901,0.901,0.901,,,,,,,,0.731
658,0.900,0.900,0.900,,,,,,,,0.730
659,0.900,0.900,0.900,,,,,,,,0.730
660,0.900,0.900,0.900,,,,,,,,0.730
661,0.900,0.900,0.900,,,,,,,,0.729
662,0.900,0.900,0.900,,,,,,,,0.728
663,0.899,0.899,0.899,,,,,,,,0.727
664,0.898,0.898,0.898,,,,,,,,0.725
665,0.898,0.898,0.898,,,,,,,,0.724
666,0.898,0.898,0.898,,,,,,,,0.723
667,0.897,0.897,0.897,,,,,,,,0.722
668,0.897,0.897,0.897,,,,,,,,0.721
669,0.897,0.897,0.897,,,,,,,,0.721
670,0.897,0.897,0.897,,,,,,,,0.721
671,0.896,0.896,0.896,,,,,,,,0.720
672,0.896,0.896,0.896,,,,,,,,0.719
673,0.895,0.895,0.895,,,,,,,,0.718
674,0.895,0.895,0.895,,,,,,,,0.716
675,0.894,0.894,0.894,,,,,,,,0.715
676,0.894,0.894,0.894,,,,,,,,0.714
677,0.894,0.894,0.894,,,,,,,,0.714
678,0.893,0.893,0.893,,,,,,,,0.713
679,0.893,0.893,0.893,,,,,,,,0.712
680,0.893,0.893,0.893,,,,,,,,0.712
681,0.892,0.892,0.892,,,,,,,,0.711
682,0.892,0.892,0.892,,,,,,,,0.710
683,0.891,0.891,0.891,,,,,,,,0.709
684,0.891,0.891,0.891,,,,,,,,0.707
685,0.891,0.891,0.891,,,,,,,,0.706
686,0.890,0.890,0.890,,,,,,,,0.705
687,0.890,0.890,0.890,,,,,,,,0.705
688,0.890,0.890,0.890,,,,,,,,0.704
689,0.889,0.889,0.889,,,,,,,,0.703
690,0.889,0.889,0.889,,,,,,,,0.703
691,0.889,0.889,0.889,,,,,,End R Filter,,0.702
692,0.888,0.888,0.888,,,,Start I Filter,,,,0.701
693,0.888,0.888,0.888,,,,,,,,0.700
694,0.887,0.887,0.887,,,,,,,,0.699
695,0.887,0.887,0.887,,,,,,,,0.698
696,0.887,0.887,0.887,,,,,,,,0.698
697,0.886,0.886,0.886,,,,,,,,0.696
698,0.886,0.886,0.886,,,,,,,,0.695
699,0.886,0.886,0.886,,,,,,,,0.695
700,0.885,0.885,0.885,,,,,,,,0.694
701,0.885,0.885,0.885,,,,,,,,0.694
702,0.885,0.885,0.885,,,,,,,,0.693
703,0.885,0.885,0.885,,,,,,,,0.692
704,0.884,0.884,0.884,,,,,,,,0.692
705,0.884,0.884,0.884,,,,,,,,0.691
706,0.884,0.884,0.884,,,,,,,,0.691
707,0.884,0.884,0.884,,,,,,,,0.690
708,0.883,0.883,0.883,,,,,,,,0.690
709,0.883,0.883,0.883,,,,,,,,0.689
710,0.883,0.883,0.883,,,,,,,,0.689
711,0.883,0.883,0.883,,,,,,,,0.688
712,0.883,0.883,0.883,,,,,,,,0.687
713,0.882,0.882,0.882,,,,,,,,0.687
714,0.882,0.882,0.882,,,,,,,,0.686
715,0.882,0.882,0.882,,,,,,,,0.686
716,0.882,0.882,0.882,,,,,,,,0.685
717,0.881,0.881,0.881,,,,,,,,0.685
718,0.881,0.881,0.881,,,,,,,,0.684
719,0.881,0.881,0.881,,,,,,,,0.684
720,0.881,0.881,0.881,,,,,,,,0.683
721,0.880,0.880,0.880,,,,,,,,0.683
722,0.880,0.880,0.880,,,,,,,,0.682
723,0.880,0.880,0.880,,,,,,,,0.682
724,0.880,0.880,0.880,,,,,,,,0.681
725,0.880,0.880,0.880,,,,,,,,0.680
726,0.879,0.879,0.879,,,,,,,,0.680
727,0.879,0.879,0.879,,,,,,,,0.679
728,0.879,0.879,0.879,,,,,,,,0.679
729,0.879,0.879,0.879,,,,,,,,0.678
730,0.878,0.878,0.878,,,,,,,,0.678
731,0.878,0.878,0.878,,,,,,,,0.677
732,0.878,0.878,0.878,,,,,,,,0.677
733,0.878,0.878,0.878,,,,,,,,0.676
734,0.878,0.878,0.878,,,,,,,,0.676
735,0.877,0.877,0.877,,,,,,,,0.675
736,0.877,0.877,0.877,,,,,,,,0.675
737,0.877,0.877,0.877,,,,,,,,0.674
738,0.877,0.877,0.877,,,,,,,,0.674
739,0.876,0.876,0.876,,,,,,,,0.673
740,0.876,0.876,0.876,,,,,,,,0.673
741,0.876,0.876,0.876,,,,,,,,0.672
742,0.876,0.876,0.876,,,,,,,,0.672
743,0.876,0.876,0.876,,,,,,,,0.671
744,0.875,0.875,0.875,,,,,,,,0.671
745,0.875,0.875,0.875,,,,,,,,0.670
746,0.875,0.875,0.875,,,,,,,,0.670
747,0.875,0.875,0.875,,,,,,,,0.669
748,0.875,0.875,0.875,,,,,,,,0.669
749,0.874,0.874,0.874,,,,,,,,0.668
750,0.874,0.874,0.874,,,,,,,,0.668
751,0.874,0.874,0.874,,,,,,,,0.667
752,0.874,0.874,0.874,,,,,,,,0.667
753,0.873,0.873,0.873,,,,,,,,0.666
754,0.873,0.873,0.873,,,,,,,,0.666
755,0.873,0.873,0.873,,,,,,,,0.665
756,0.873,0.873,0.873,,,,,,,,0.664
757,0.872,0.872,0.872,,,,,,,,0.664
758,0.872,0.872,0.872,,,,,,,,0.663
759,0.872,0.872,0.872,,,,,,,,0.663
760,0.872,0.872,0.872,,,,,,,,0.662
761,0.871,0.871,0.871,,,,,,,,0.662
762,0.871,0.871,0.871,,,,,,,,0.661
763,0.871,0.871,0.871,,,,,,,,0.660
764,0.871,0.871,0.871,,,,,,,,0.660
765,0.870,0.870,0.870,,,,,,,,0.659
766,0.870,0.870,0.870,,,,,,,,0.659
767,0.870,0.870,0.870,,,,,,,,0.658
768,0.870,0.870,0.870,,,,,,,,0.657
769,0.869,0.869,0.869,,,,,,,,0.657
770,0.869,0.869,0.869,,,,,,,,0.656
771,0.869,0.869,0.869,,,,,,,,0.656
772,0.869,0.869,0.869,,,,,,,,0.655
773,0.868,0.868,0.868,,,,,,,,0.655
774,0.868,0.868,0.868,,,,,,,,0.654
775,0.868,0.868,0.868,,,,,,,,0.653
776,0.867,0.867,0.867,,,,,,,,0.653
777,0.867,0.867,0.867,,,,,,,,0.652
778,0.867,0.867,0.867,,,,,,,,0.652
779,0.867,0.867,0.867,,,,,,,,0.651
780,0.866,0.866,0.866,,,,,,,,0.651
781,0.866,0.866,0.866,,,,,,,,0.650
782,0.866,0.866,0.866,,,,,,,,0.649
783,0.866,0.866,0.866,,,,,,,,0.649
784,0.865,0.865,0.865,,,,,,,,0.648
785,0.865,0.865,0.865,,,,,,,,0.648
786,0.865,0.865,0.865,,,,,,,,0.647
787,0.865,0.865,0.865,,,,,,,,0.646
788,0.864,0.864,0.864,,,,,,,,0.646
789,0.864,0.864,0.864,,,,,,,,0.645
790,0.864,0.864,0.864,,,,,,,,0.645
791,0.864,0.864,0.864,,,,,,,,0.644
792,0.863,0.863,0.863,,,,,,,,0.644
793,0.863,0.863,0.863,,,,,,,,0.643
794,0.863,0.863,0.863,,,,,,,,0.643
795,0.863,0.863,0.863,,,,,,,,0.642
796,0.862,0.862,0.862,,,,,,,,0.641
797,0.862,0.862,0.862,,,,,,,,0.641
798,0.862,0.862,0.862,,,,,,,,0.640
799,0.862,0.862,0.862,,,,,,,,0.640
800,0.861,0.861,0.861,,,,,,,,0.639
801,0.861,0.861,0.861,,,,,,,,0.639
802,0.861,0.861,0.861,,,,,,,,0.639
803,0.861,0.861,0.861,,,,,,,,0.639
804,0.861,0.861,0.861,,,,,,,,0.639
805,0.861,0.861,0.861,,,,,,,,0.639
806,0.861,0.861,0.861,,,,,,,,0.639
807,0.861,0.861,0.861,,,,,,,,0.639
808,0.861,0.861,0.861,,,,,,,,0.639
809,0.861,0.861,0.861,,,,,,,,0.639
810,0.861,0.861,0.861,,,,,,,,0.639
811,0.861,0.861,0.861,,,,,,,,0.639
812,0.861,0.861,0.861,,,,,,,,0.638
813,0.861,0.861,0.861,,,,,,,,0.638
814,0.861,0.861,0.861,,,,,,,,0.638
815,0.861,0.861,0.861,,,,,,,,0.638
816,0.861,0.861,0.861,,,,,,,,0.638
817,0.861,0.861,0.861,,,,,,,,0.638
818,0.861,0.861,0.861,,,,End I Filter,,,,0.638
819,0.861,0.861,0.861,,Start Z Filter,,,,,,0.638
820,0.861,0.861,0.861,,,,,,,,0.638
821,0.861,0.861,0.861,,,,,,,,0.638
822,0.861,0.861,0.861,,,,,,,,0.638
823,0.861,0.861,0.861,,,,,,,,0.638
824,0.861,0.861,0.861,,,,,,,,0.638
825,0.861,0.861,0.861,,,,,,,,0.638
826,0.861,0.861,0.861,,,,,,,,0.638
827,0.861,0.861,0.861,,,,,,,,0.638
828,0.861,0.861,0.861,,,,,,,,0.638
829,0.861,0.861,0.861,,,,,,,,0.637
830,0.861,0.861,0.861,,,,,,,,0.637
831,0.861,0.861,0.861,,,,,,,,0.637
832,0.861,0.861,0.861,,,,,,,,0.637
833,0.861,0.861,0.861,,,,,,,,0.637
834,0.861,0.861,0.861,,,,,,,,0.637
835,0.860,0.860,0.860,,,,,,,,0.637
836,0.860,0.860,0.860,,,,,,,,0.637
837,0.860,0.860,0.860,,,,,,,,0.637
838,0.860,0.860,0.860,,,,,,,,0.637
839,0.860,0.860,0.860,,,,,,,,0.637
840,0.860,0.860,0.860,,,,,,,,0.637
841,0.860,0.860,0.860,,,,,,,,0.637
842,0.860,0.860,0.860,,,,,,,,0.637
843,0.860,0.860,0.860,,,,,,,,0.637
844,0.860,0.860,0.860,,,,,,,,0.637
845,0.860,0.860,0.860,,,,,,,,0.637
846,0.860,0.860,0.860,,,,,,,,0.636
847,0.860,0.860,0.860,,,,,,,,0.636
848,0.860,0.860,0.860,,,,,,,,0.636
849,0.860,0.860,0.860,,,,,,,,0.636
850,0.860,0.860,0.860,,,,,,,,0.636
851,0.861,0.861,0.861,,,,,,,,0.637
852,0.861,0.861,0.861,,,,,,,,0.639
853,0.862,0.862,0.862,,,,,,,,0.640
854,0.862,0.862,0.862,,,,,,,,0.641
855,0.863,0.863,0.863,,,,,,,,0.642
856,0.863,0.863,0.863,,,,,,,,0.643
857,0.864,0.864,0.864,,,,,,,,0.644
858,0.864,0.864,0.864,,,,,,,,0.645
859,0.865,0.865,0.865,,,,,,,,0.646
860,0.865,0.865,0.865,,,,,,,,0.647
861,0.865,0.865,0.865,,,,,,,,0.648
862,0.866,0.866,0.866,,,,,,,,0.649
863,0.866,0.866,0.866,,,,,,,,0.650
864,0.867,0.867,0.867,,,,,,,,0.652
865,0.867,0.867,0.867,,,,,,,,0.653
866,0.868,0.868,0.868,,,,,,,,0.654
867,0.868,0.868,0.868,,,,,,,,0.655
868,0.869,0.869,0.869,,,,,,,,0.656
869,0.869,0.869,0.869,,,,,,,,0.657
870,0.870,0.870,0.870,,,,,,,,0.658
871,0.870,0.870,0.870,,,,,,,,0.659
872,0.871,0.871,0.871,,,,,,,,0.660
873,0.871,0.871,0.871,,,,,,,,0.661
874,0.872,0.872,0.872,,,,,,,,0.662
875,0.872,0.872,0.872,,,,,,,,0.663
876,0.872,0.872,0.872,,,,,,,,0.664
877,0.873,0.873,0.873,,,,,,,,0.665
878,0.873,0.873,0.873,,,,,,,,0.666
879,0.874,0.874,0.874,,,,,,,,0.667
880,0.874,0.874,0.874,,,,,,,,0.668
881,0.875,0.875,0.875,,,,,,,,0.669
882,0.875,0.875,0.875,,,,,,,,0.670
883,0.876,0.876,0.876,,,,,,,,0.671
884,0.876,0.876,0.876,,,,,,,,0.672
885,0.876,0.876,0.876,,,,,,,,0.673
886,0.877,0.877,0.877,,,,,,,,0.674
887,0.877,0.877,0.877,,,,,,,,0.675
888,0.878,0.878,0.878,,,,,,,,0.676
889,0.878,0.878,0.878,,,,,,,,0.677
890,0.879,0.879,0.879,,,,,,,,0.678
891,0.879,0.879,0.879,,,,,,,,0.679
892,0.879,0.879,0.879,,,,,,,,0.680
893,0.880,0.880,0.880,,,,,,,,0.681
894,0.880,0.880,0.880,,,,,,,,0.682
895,0.881,0.881,0.881,,,,,,,,0.683
896,0.881,0.881,0.881,,,,,,,,0.684
897,0.882,0.882,0.882,,,,,,,,0.685
898,0.882,0.882,0.882,,,,,,,,0.686
899,0.882,0.882,0.882,,,,,,,,0.687
900,0.883,0.883,0.883,,,,,,,,0.688
901,0.883,0.883,0.883,,,,,,,,0.689
902,0.884,0.884,0.884,,,,,,,,0.690
903,0.884,0.884,0.884,,,,,,,,0.691
904,0.885,0.885,0.885,,,,,,,,0.693
905,0.885,0.885,0.885,,,,,,,,0.694
906,0.887,0.887,0.887,,,,,,,,0.697
907,0.888,0.888,0.888,,,,,,,,0.699
908,0.888,0.888,0.888,,,,,,,,0.700
909,0.889,0.889,0.889,,,,,,,,0.702
910,0.889,0.889,0.889,,,,,,,,0.703
911,0.890,0.890,0.890,,,,,,,,0.704
912,0.890,0.890,0.890,,,,,,,,0.705
913,0.890,0.890,0.890,,,,,,,,0.706
914,0.891,0.891,0.891,,,,,,,,0.707
915,0.891,0.891,0.891,,,,,,,,0.708
916,0.892,0.892,0.892,,,,,,,,0.709
917,0.892,0.892,0.892,,,,,,,,0.710
918,0.893,0.893,0.893,,,,,,,,0.711
919,0.893,0.893,0.893,,,,,,,,0.713
920,0.895,0.895,0.895,,,,,,,,0.717
921,0.895,0.895,0.895,,,,,,,,0.718
922,0.896,0.896,0.896,,End Z Filter,,,,,,0.719
923,0.896,0.896,0.896,,,,,,,,0.720
924,0.897,0.897,0.897,,,,,,,,0.721
925,0.897,0.897,0.897,,,,,,,,0.722
926,0.898,0.898,0.898,,,,,,,,0.723
927,0.899,0.899,0.899,,,,,,,,0.726
928,0.899,0.899,0.899,,,,,,,,0.727
929,0.900,0.900,0.900,,,,,,,,0.728
930,0.901,0.901,0.901,,,,,,,,0.730
931,0.901,0.901,0.901,,,,,,,,0.731
932,0.901,0.901,0.901,,,,,,,,0.732
933,0.902,0.902,0.902,,,,,,,,0.733
934,0.902,0.902,0.902,,,,,,,,0.735
935,0.903,0.903,0.903,,,,,,,,0.735
936,0.904,0.904,0.904,,,,,,,,0.740
937,0.905,0.905,0.905,,,,,,,,0.740
938,0.905,0.905,0.905,,,,,,,,0.741
939,0.906,0.906,0.906,,,,,,,,0.743
940,0.906,0.906,0.906,,,,,,,,0.743
941,0.906,0.906,0.906,,,,,,,,0.744
942,0.907,0.907,0.907,,,,,,,,0.745
943,0.907,0.907,0.907,,,,,,,,0.746
944,0.908,0.908,0.908,,,,,,,,0.748
945,0.909,0.909,0.909,,,,,,,,0.750
946,0.909,0.909,0.909,,,,,,,,0.750
947,0.909,0.909,0.909,,,,,,,,0.751
948,0.910,0.910,0.910,,,,,,,,0.753
949,0.910,0.910,0.910,,,,,,,,0.754
950,0.911,0.911,0.911,,,,,,,,0.756
951,0.911,0.911,0.911,,,,,,,,0.756
952,0.911,0.911,0.911,,,,,,,,0.757
953,0.911,0.911,0.911,,,,,,,,0.757
954,0.911,0.911,0.911,,,,,,,,0.757
955,0.912,0.912,0.912,,,,,,,,0.757
956,0.912,0.912,0.912,,,,,,,,0.758
957,0.912,0.912,0.912,,,,,,,,0.758
958,0.912,0.912,0.912,,,,,,,,0.758
959,0.912,0.912,0.912,,,,,,,,0.759
960,0.912,0.912,0.912,,,,,,,,0.759
961,0.912,0.912,0.912,,,,,,,,0.759
962,0.912,0.912,0.912,,,,,,,,0.760
963,0.913,0.913,0.913,,,,,,,,0.760
964,0.913,0.913,0.913,,,,,,,,0.760
965,0.913,0.913,0.913,,,,,,,,0.760
966,0.913,0.913,0.913,,,,,,,,0.761
967,0.913,0.913,0.913,,,,,,,,0.761
968,0.913,0.913,0.913,,,,,,,,0.761
969,0.913,0.913,0.913,,Start Y Filter,,,,,,0.762
970,0.913,0.913,0.913,,,,,,,,0.762
971,0.913,0.913,0.913,,,,,,,,0.762
972,0.914,0.914,0.914,,,,,,,,0.763
973,0.914,0.914,0.914,,,,,,,,0.763
974,0.914,0.914,0.914,,,,,,,,0.763
975,0.914,0.914,0.914,,,,,,,,0.763
976,0.914,0.914,0.914,,,,,,,,0.764
977,0.914,0.914,0.914,,,,,,,,0.764
978,0.914,0.914,0.914,,,,,,,,0.764
979,0.914,0.914,0.914,,,,,,,,0.765
980,0.915,0.915,0.915,,,,,,,,0.765
981,0.915,0.915,0.915,,,,,,,,0.765
982,0.915,0.915,0.915,,,,,,,,0.765
983,0.915,0.915,0.915,,,,,,,,0.766
984,0.915,0.915,0.915,,,,,,,,0.766
985,0.915,0.915,0.915,,,,,,,,0.766
986,0.915,0.915,0.915,,,,,,,,0.767
987,0.915,0.915,0.915,,,,,,,,0.767
988,0.915,0.915,0.915,,,,,,,,0.767
989,0.916,0.916,0.916,,,,,,,,0.767
990,0.916,0.916,0.916,,,,,,,,0.768
991,0.916,0.916,0.916,,,,,,,,0.768
992,0.916,0.916,0.916,,,,,,,,0.768
993,0.916,0.916,0.916,,,,,,,,0.769
994,0.916,0.916,0.916,,,,,,,,0.769
995,0.916,0.916,0.916,,,,,,,,0.769
996,0.916,0.916,0.916,,,,,,,,0.769
997,0.916,0.916,0.916,,,,,,,,0.770
998,0.917,0.917,0.917,,,,,,,,0.770
999,0.917,0.917,0.917,,,,,,,,0.770
1000,0.917,0.917,0.917,,,,,,,,0.771
1001,0.917,0.917,0.917,,,,,,,,0.771
1002,0.917,0.917,0.917,,,,,,,,0.771
1003,0.917,0.917,0.917,,,,,,,,0.771
1004,0.917,0.917,0.917,,,,,,,,0.772
1005,0.917,0.917,0.917,,,,,,,,0.772
1006,0.917,0.917,0.917,,,,,,,,0.772
1007,0.918,0.918,0.918,,,,,,,,0.773
1008,0.918,0.918,0.918,,,,,,,,0.773
1009,0.918,0.918,0.918,,,,,,,,0.773
1010,0.918,0.918,0.918,,,,,,,,0.773
1011,0.918,0.918,0.918,,,,,,,,0.774
1012,0.918,0.918,0.918,,,,,,,,0.774
1013,0.918,0.918,0.918,,,,,,,,0.774
1014,0.918,0.918,0.918,,,,,,,,0.774
1015,0.918,0.918,0.918,,,,,,,,0.775
1016,0.919,0.919,0.919,,,,,,,,0.775
1017,0.919,0.919,0.919,,,,,,,,0.775
1018,0.919,0.919,0.919,,,,,,,,0.775
1019,0.919,0.919,0.919,,,,,,,,0.776
1020,0.919,0.919,0.919,,,,,,,,0.776
1021,0.919,0.919,0.919,,,,,,,,0.776
1022,0.919,0.919,0.919,,,,,,,,0.777
1023,0.919,0.919,0.919,,,,,,,,0.777
1024,0.919,0.919,0.919,,,,,,,,0.777
1025,0.919,0.919,0.919,,,,,,,,0.777
1026,0.920,0.920,0.920,,,,,,,,0.778
1027,0.920,0.920,0.920,,,,,,,,0.778
1028,0.920,0.920,0.920,,,,,,,,0.778
1029,0.920,0.920,0.920,,End Y Filter,,,,,,0.778
1030,0.920,0.920,0.920,,,,,,,,0.779
1031,0.920,0.920,0.920,,,,,,,,0.779
1032,0.920,0.920,0.920,,,,,,,,0.779
1033,0.920,0.920,0.920,,,,,,,,0.779
1034,0.920,0.920,0.920,,,,,,,,0.780
1035,0.921,0.921,0.921,,,,,,,,0.780
1036,0.921,0.921,0.921,,,,,,,,0.780
1037,0.921,0.921,0.921,,,,,,,,0.781
1038,0.921,0.921,0.921,,,,,,,,0.781
1039,0.921,0.921,0.921,,,,,,,,0.781
1040,0.921,0.921,0.921,,,,,,,,0.781
1041,0.921,0.921,0.921,,,,,,,,0.782
1042,0.921,0.921,0.921,,,,,,,,0.782
1043,0.921,0.921,0.921,,,,,,,,0.782
1044,0.921,0.921,0.921,,,,,,,,0.782
1045,0.922,0.922,0.922,,,,,,,,0.783
1046,0.922,0.922,0.922,,,,,,,,0.783
1047,0.922,0.922,0.922,,,,,,,,0.783
1048,0.922,0.922,0.922,,,,,,,,0.783
1049,0.922,0.922,0.922,,,,,,,,0.784
1050,0.922,0.922,0.922,,,,,,,,0.784
1051,0.922,0.922,0.922,,,,,,,,0.784
1052,0.922,0.922,0.922,,,,,,,,0.784
1053,0.922,0.922,0.922,,,,,,,,0.785
1054,0.922,0.922,0.922,,,,,,,,0.785
1055,0.923,0.923,0.923,,,,,,,,0.785
1056,0.923,0.923,0.923,,,,,,,,0.785
1057,0.923,0.923,0.923,,,,,,,,0.786
1058,0.923,0.923,0.923,,,,,,,,0.786
1059,0.923,0.923,0.923,,,,,,,,0.786
1060,0.923,0.923,0.923,,,,,,,,0.786
1061,0.923,0.923,0.923,,,,,,,,0.787
1062,0.923,0.923,0.923,,,,,,,,0.787
1063,0.923,0.923,0.923,,,,,,,,0.787
1064,0.923,0.923,0.923,,,,,,,,0.787
1065,0.923,0.923,0.923,,,,,,,,0.788
1066,0.924,0.924,0.924,,,,,,,,0.788
1067,0.924,0.924,0.924,,,,,,,,0.788
1068,0.924,0.924,0.924,,,,,,,,0.788
1069,0.924,0.924,0.924,,,,,,,,0.789
1070,0.924,0.924,0.924,,,,,,,,0.789
1071,0.924,0.924,0.924,,,,,,,,0.789
1072,0.924,0.924,0.924,,,,,,,,0.789
1073,0.924,0.924,0.924,,,,,,,,0.790
1074,0.924,0.924,0.924,,,,,,,,0.790
1075,0.924,0.924,0.924,,,,,,,,0.790
1076,0.925,0.925,0.925,,,,,,,,0.790
1077,0.925,0.925,0.925,,,,,,,,0.790
1078,0.925,0.925,0.925,,,,,,,,0.791
1079,0.925,0.925,0.925,,,,,,,,0.791
1080,0.925,0.925,0.925,,,,,,,,0.791
1081,0.925,0.925,0.925,,,,,,,,0.791
1082,0.925,0.925,0.925,,,,,,,,0.792
1083,0.925,0.925,0.925,,,,,,,,0.792
1084,0.925,0.925,0.925,,,,,,,,0.792
1085,0.925,0.925,0.925,,,,,,,,0.792
1086,0.925,0.925,0.925,,,,,,,,0.793
1087,0.926,0.926,0.926,,,,,,,,0.793
1088,0.926,0.926,0.926,,,,,,,,0.793
1089,0.926,0.926,0.926,,,,,,,,0.793
1090,0.926,0.926,0.926,,,,,,,,0.794
1091,0.926,0.926,0.926,,,,,,,,0.794
1092,0.926,0.926,0.926,,,,,,,,0.794
1093,0.926,0.926,0.926,,,,,,,,0.794
1094,0.926,0.926,0.926,,,,,,,,0.794
1095,0.926,0.926,0.926,,,,,,,,0.795
1096,0.926,0.926,0.926,,,,,,,,0.795
1097,0.926,0.926,0.926,,,,,,,,0.795
1098,0.927,0.927,0.927,,,,,,,,0.795
1099,0.927,0.927,0.927,,,,,,,,0.796
1100,0.927,0.927,0.927,,,,,,,,0.796
1101,0.927,0.927,0.927,,,,,,,,0.796
1102,0.927,0.927,0.927,,,,,,,,0.796
1103,0.927,0.927,0.927,,,,,,,,0.797
1104,0.927,0.927,0.927,,,,,,,,0.797
1105,0.927,0.927,0.927,,,,,,,,0.797
1106,0.927,0.927,0.927,,,,,,,,0.797
1107,0.927,0.927,0.927,,,,,,,,0.797
1108,0.927,0.927,0.927,,,,,,,,0.798
1109,0.928,0.928,0.928,,,,,,,,0.798
1110,0.928,0.928,0.928,,,,,,,,0.798
1111,0.928,0.928,0.928,,,,,,,,0.798
1112,0.928,0.928,0.928,,,,,,,,0.799
1113,0.928,0.928,0.928,,,,,,,,0.799
1114,0.928,0.928,0.928,,,,,,,,0.799
1115,0.928,0.928,0.928,,,,,,,,0.799
1116,0.928,0.928,0.928,,,,,,,,0.800
1117,0.928,0.928,0.928,,,,,,,,0.800
1118,0.928,0.928,0.928,,,,,,,,0.800
1119,0.928,0.928,0.928,,,,,,,,0.800
1120,0.928,0.928,0.928,,,,,,,,0.800
1121,0.929,0.929,0.929,,,,,,,,0.801
1122,0.929,0.929,0.929,,,,,,,,0.801
1123,0.929,0.929,0.929,,,,,,,,0.801
1124,0.929,0.929,0.929,,,,,,,,0.801
1125,0.929,0.929,0.929,,,,,,,,0.801
1126,0.929,0.929,0.929,,,,,,,,0.802
1127,0.929,0.929,0.929,,,,,,,,0.802
1128,0.929,0.929,0.929,,,,,,,,0.802
1129,0.929,0.929,0.929,,,,,,,,0.802
1130,0.929,0.929,0.929,,,,,,,,0.803
1131,0.929,0.929,0.929,,,,,,,,0.803
1132,0.929,0.929,0.929,,,,,,,,0.803
1133,0.930,0.930,0.930,,,,,,,,0.803
1134,0.930,0.930,0.930,,,,,,,,0.803
1135,0.930,0.930,0.930,,,,,,,,0.804
1136,0.930,0.930,0.930,,,,,,,,0.804
1137,0.930,0.930,0.930,,,,,,,,0.804
1138,0.930,0.930,0.930,,,,,,,,0.804
1139,0.930,0.930,0.930,,,,,,,,0.805
1140,0.930,0.930,0.930,,,,,,,,0.805
1141,0.930,0.930,0.930,,,,,,,,0.805
1142,0.930,0.930,0.930,,,,,,,,0.805
1143,0.930,0.930,0.930,,,,,,,,0.805
1144,0.930,0.930,0.930,,,,,,,,0.806
1145,0.931,0.931,0.931,,,,,,,,0.806
1146,0.931,0.931,0.931,,,,,,,,0.806
1147,0.931,0.931,0.931,,,,,,,,0.806
1148,0.931,0.931,0.931,,,,,,,,0.806
1149,0.931,0.931,0.931,,,,,,,,0.807
1150,0.931,0.931,0.931,,,,,,,,0.807
1151,0.931,0.931,0.931,,,,,,,,0.807
1152,0.931,0.931,0.931,,,,,,,,0.807
1153,0.931,0.931,0.931,,,,,,,,0.807
1154,0.931,0.931,0.931,,,,,,,,0.808
1155,0.931,0.931,0.931,,,,,,,,0.808
1156,0.931,0.931,0.931,,,,,,,,0.808
1157,0.932,0.932,0.932,,,,,,,,0.808
1158,0.932,0.932,0.932,,,,,,,,0.809
1159,0.932,0.932,0.932,,,,,,,,0.809
1160,0.932,0.932,0.932,,,,,,,,0.809
1161,0.932,0.932,0.932,,,,,,,,0.809
1162,0.932,0.932,0.932,,,,,,,,0.809
1163,0.932,0.932,0.932,,,,,,,,0.810
1164,0.932,0.932,0.932,,,,,,,,0.810
1165,0.932,0.932,0.932,,,,,,,,0.810
1166,0.932,0.932,0.932,,,,,,,,0.810
1167,0.932,0.932,0.932,,,,,,,,0.810
1168,0.932,0.932,0.932,,,,,,,,0.811
1169,0.932,0.932,0.932,,,,,,,,0.811
1170,0.933,0.933,0.933,,,,,,,,0.811
1171,0.933,0.933,0.933,,,,,,,,0.811
1172,0.933,0.933,0.933,,,,,,,,0.811
1173,0.933,0.933,0.933,,,,,,,,0.812
1174,0.933,0.933,0.933,,,,,,,,0.812
1175,0.933,0.933,0.933,,,,,,,,0.812
1176,0.933,0.933,0.933,,,,,,,,0.812
1177,0.933,0.933,0.933,,,,,,,,0.812
1178,0.933,0.933,0.933,,,,,,,,0.813
1179,0.933,0.933,0.933,,,,,,,,0.813
1180,0.933,0.933,0.933,,,,,,,,0.813
1181,0.933,0.933,0.933,,,,,,,,0.813
1182,0.933,0.933,0.933,,,,,,,,0.813
1183,0.934,0.934,0.934,,,,,,,,0.814
1184,0.934,0.934,0.934,,,,,,,,0.814
1185,0.934,0.934,0.934,,,,,,,,0.814
1186,0.934,0.934,0.934,,,,,,,,0.814
1187,0.934,0.934,0.934,,,,,,,,0.814
1188,0.934,0.934,0.934,,,,,,,,0.815
1189,0.934,0.934,0.934,,,,,,,,0.815
1190,0.934,0.934,0.934,,,,,,,,0.815
1191,0.934,0.934,0.934,,,,,,,,0.815
1192,0.934,0.934,0.934,,,,,,,,0.815
1193,0.934,0.934,0.934,,,,,,,,0.816
1194,0.934,0.934,0.934,,,,,,,,0.816
1195,0.934,0.934,0.934,,,,,,,,0.816
1196,0.935,0.935,0.935,,,,,,,,0.816
1197,0.935,0.935,0.935,,,,,,,,0.816
1198,0.935,0.935,0.935,,,,,,,,0.816
1199,0.935,0.935,0.935,,,,,,,,0.817
1200,0.935,0.935,0.935,,,,,,,,0.817
