300,3.905524,16.445432,40.188209
301,4.14833,17.46814,40.535029
302,4.426711,18.411029,40.784013
303,4.728463,19.274381,40.935806
304,5.050813,20.05305,41.009654
305,5.413808,20.806471,41.030194
306,5.781977,21.49381,41.013476
307,6.145821,22.091683,40.982899
308,6.533516,22.625831,40.937455
309,6.9616,23.176348,40.883571
310,7.468142,23.798875,40.825822
311,8.015646,24.439528,40.716231
312,8.569415,25.081126,40.541153
313,9.035489,25.560886,40.190461
314,9.365969,25.912402,39.647771
315,9.423745,25.962744,38.89354
316,9.075886,25.529646,37.94923
317,8.280123,24.533347,37.01422
318,7.08201,23.094596,36.423687
319,5.306819,20.843051,36.65994
320,4.162196,19.425687,37.961023
321,4.199847,19.752877,40.332509
322,6.022559,22.135814,43.488587
323,10.181935,27.030878,47.022266
324,16.653069,33.832754,50.759022
325,24.870303,41.604283,54.892642
326,34.091025,49.39666,59.558648
327,43.256452,56.493191,64.736328
328,51.98951,63.013818,70.022082
329,59.878688,68.956335,74.885778
330,66.362858,73.848814,79.010708
331,71.903808,78.259614,82.339417
332,76.368919,81.62221,84.924338
333,79.512422,83.897388,86.966098
334,82.305214,85.876008,88.530784
335,84.825521,87.554571,89.755137
336,86.473526,88.630599,90.734682
337,87.79286,89.549034,91.552101
338,89.343771,90.584559,92.195931
339,89.858242,90.773621,92.738386
340,90.600403,91.297296,93.185975
341,91.506003,91.87921,93.556304
342,92.038308,92.268504,93.890462
343,92.809418,92.803852,94.179732
344,93.216351,92.993153,94.417494
345,93.756418,93.429146,94.611654
346,93.848954,93.300436,94.704363
347,94.087695,93.531999,94.864499
348,94.737682,94.096038,94.948305
349,94.617851,93.842689,95.002794
350,94.627666,93.821845,95.039824
351,94.912549,93.98649,95.024163
352,94.870974,93.933135,95.039321
353,94.888639,94.09812,94.931791
354,95.192241,94.271742,94.860011
355,95.374994,94.241524,94.716047
356,95.280682,94.152986,94.583551
357,95.011535,93.905644,94.413085
358,95.272321,94.100137,94.257381
359,95.05045,93.912776,94.044057
360,95.252319,93.979278,93.857104
361,95.043369,93.772259,93.570078
362,94.790549,93.364365,93.303302
363,94.59117,93.061234,93.029757
364,94.409337,92.895828,92.707577
365,94.518978,92.929818,92.400656
366,94.536052,92.845972,92.092144
367,94.357285,92.603545,91.814679
368,93.8131,92.175921,91.513451
369,93.859986,92.083452,91.155837
370,93.846387,92.014515,90.797978
371,94.103278,92.121295,90.563768
372,94.292525,92.147253,90.342699
373,94.223355,91.956114,90.141052
374,94.136576,91.692179,89.910595
375,94.095597,91.504625,89.758223
376,94.401668,91.604564,89.705165
377,94.25375,91.46958,89.710474
378,94.685576,91.83816,89.756576
379,94.789203,91.960858,89.907322
380,94.754298,91.927895,90.098537
381,94.991363,92.123699,90.289361
382,95.326484,92.418988,90.586242
383,95.334889,92.389262,90.917959
384,95.782337,92.859676,91.200808
385,96.002251,93.281031,91.477697
386,96.091747,93.458504,91.777532
387,96.054205,93.405775,92.097714
388,96.232928,93.510778,92.333311
389,96.568143,93.90634,92.587436
390,96.445433,93.879055,92.793821
391,96.355169,93.885205,93.032109
392,96.611781,94.122273,93.252036
393,96.84606,94.262154,93.45815
394,97.035056,94.475859,93.588299
395,96.880281,94.270036,93.749855
396,97.315942,94.675914,93.880789
397,97.275874,94.712908,94.022162
398,96.981024,94.539321,94.130739
399,97.456334,94.876684,94.216341
400,97.294029,94.691068,94.27057
401,97.39603,94.783184,94.346376
402,97.260608,94.873401,94.381828
403,97.535289,94.911306,94.35403
404,97.449386,94.864513,94.400884
405,97.24627,94.718064,94.386579
406,97.62475,94.86416,94.418081
407,97.427119,94.683205,94.4175
408,97.169502,94.438998,94.379952
409,96.998637,94.383128,94.338522
410,97.343032,94.723918,94.337515
411,97.412648,94.9129,94.374492
412,97.424907,94.965622,94.391447
413,97.511987,94.813326,94.387207
414,97.361596,94.724446,94.413107
415,97.411038,94.808976,94.418415
416,97.304732,94.602284,94.451557
417,97.030744,94.353135,94.49086
418,97.146581,94.366552,94.497872
419,97.445513,94.570246,94.52884
420,97.067197,94.228473,94.566729
421,97.070527,94.272701,94.576437
422,96.871527,94.125723,94.605683
423,97.115251,94.26221,94.642912
424,96.930473,94.149308,94.707366
425,97.131178,94.309831,94.753272
426,96.823683,93.988076,94.777861
427,97.068045,94.215743,94.834318
428,96.876166,94.024383,94.936051
429,97.090603,94.197514,94.999871
430,96.785534,94.054338,95.035301
431,96.701401,93.968864,95.108026
432,96.771761,93.904127,95.186032
433,96.712691,93.94272,95.24997
434,96.431599,93.716527,95.340563
435,96.442518,93.645079,95.406774
436,96.336003,93.647879,95.478762
437,96.327554,93.643248,95.533468
438,96.052777,93.399897,95.634707
439,96.094574,93.455208,95.718505
440,96.079526,93.511253,95.774547
441,96.003576,93.453879,95.833226
442,95.987924,93.534568,95.958477
443,95.874894,93.504533,96.02647
444,95.789047,93.469665,96.125582
445,95.990168,93.730272,96.197326
446,95.898149,93.702935,96.276288
447,95.803231,93.57125,96.379513
448,95.73121,93.545053,96.416637
449,95.60894,93.427579,96.497364
450,95.554737,93.46169,96.562688
451,95.756993,93.760861,96.60404
452,95.816047,93.937502,96.666213
453,95.59316,93.860597,96.734265
454,95.490729,93.849342,96.75703
455,95.636021,93.905866,96.79587
456,95.603958,93.908549,96.830398
457,95.635138,93.955113,96.886925
458,95.681082,94.008127,96.950729
459,95.447837,93.898224,96.973001
460,95.267665,93.730666,96.998901
461,95.199192,93.674786,97.041982
462,95.278488,93.816748,97.089945
463,95.254296,93.864038,97.12843
464,95.300294,93.981475,97.188536
465,95.615287,94.259847,97.205158
466,95.824757,94.481109,97.244849
467,95.815507,94.535297,97.261473
468,95.833571,94.530106,97.285367
469,95.832649,94.512056,97.332522
470,95.838441,94.485352,97.349771
471,96.10707,94.735295,97.403355
472,96.152911,94.813066,97.417586
473,96.138405,94.75168,97.46949
474,96.202215,94.8863,97.492702
475,96.110412,94.883653,97.504793
476,96.121403,94.917874,97.535395
477,96.315417,95.18026,97.574361
478,96.522348,95.290516,97.61449
479,96.725855,95.433034,97.660024
480,96.890572,95.631447,97.689959
481,96.753614,95.602481,97.733849
482,96.639612,95.564638,97.752767
483,96.666226,95.642152,97.791038
484,96.544871,95.505416,97.811311
485,96.659631,95.603415,97.862709
486,96.809048,95.804092,97.882859
487,96.983748,95.930742,97.908321
488,97.054488,95.825536,97.937149
489,96.92452,95.650397,97.949983
490,96.948451,95.646952,97.986435
491,96.968148,95.654232,97.98375
492,97.123251,95.761541,97.972121
493,97.021094,95.671115,97.978352
494,96.893573,95.574072,97.970885
495,97.05127,95.672033,97.973261
496,97.236448,95.766395,97.996163
497,97.338344,95.893151,97.987764
498,97.370942,95.947015,97.991836
499,97.302609,95.824337,97.999509
500,97.208698,95.73994,97.986429
501,97.316368,95.771956,97.978255
502,97.406772,95.829955,97.984959
503,97.353764,95.818302,97.98857
504,97.376069,95.808691,98.011725
505,97.493438,95.866004,97.977372
506,97.617916,95.952606,97.946586
507,97.809372,96.108876,97.95324
508,97.883765,96.193823,97.967674
509,97.741275,96.098398,97.948356
510,97.561858,95.92001,97.928544
511,97.466793,95.742983,97.903183
512,97.682949,95.918705,97.912033
513,97.831758,96.08809,97.913791
514,97.813534,96.071197,97.915978
515,97.657635,95.892264,97.908647
516,97.743595,95.888825,97.906013
517,97.755539,95.856184,97.893261
518,97.754127,95.888338,97.867675
519,97.801687,96.006731,97.864136
520,98.089821,96.251126,97.869366
521,98.236288,96.408331,97.887616
522,98.179113,96.353047,97.871018
523,98.198218,96.268896,97.854331
524,98.249882,96.280043,97.863119
525,98.334011,96.319673,97.874718
526,98.398342,96.354226,97.88202
527,98.427765,96.446928,97.884546
528,98.37888,96.417014,97.87468
529,98.241001,96.275177,97.881265
530,98.267021,96.288214,97.901784
531,98.364525,96.313094,97.88755
532,98.389618,96.341686,97.858755
533,98.31511,96.353166,97.855867
534,98.230592,96.296103,97.85878
535,98.401562,96.381337,97.84624
536,98.342294,96.339644,97.817074
537,98.247879,96.325573,97.795082
538,98.408291,96.507745,97.784532
539,98.538018,96.534899,97.785237
540,98.748169,96.689245,97.774394
541,98.786079,96.797772,97.788523
542,98.400647,96.504687,97.783424
543,98.167632,96.276771,97.758219
544,98.130241,96.206883,97.753241
545,98.139701,96.160956,97.744444
546,97.985111,95.998373,97.740826
547,97.904925,95.942488,97.761896
548,98.171593,96.156017,97.725431
549,98.359201,96.258197,97.696902
550,98.398563,96.271633,97.722356
551,98.515079,96.391211,97.722908
552,98.393835,96.295836,97.715473
553,98.235692,96.166336,97.694422
554,98.41306,96.350664,97.685124
555,98.541762,96.485309,97.686576
556,98.429421,96.334653,97.676827
557,98.338631,96.182387,97.67907
558,98.300055,96.143287,97.678231
559,98.404729,96.333054,97.667882
560,98.443574,96.382379,97.649254
561,98.392251,96.332131,97.638962
562,98.408533,96.379668,97.644911
563,98.336928,96.315937,97.639736
564,98.334793,96.274008,97.616921
565,98.177988,96.115606,97.635917
566,98.018797,95.969669,97.65018
567,98.131398,96.06626,97.645299
568,98.325873,94.35528,97.615918
569,98.441701,94.876772,97.602801
570,98.496076,96.410478,97.614425
571,98.381319,96.269803,97.589349
572,98.313765,96.246666,97.549347
573,98.383253,96.323551,97.524333
574,98.444932,96.403,97.484155
575,98.565946,96.465353,97.462546
576,98.574782,96.47579,97.464264
577,98.494931,96.422279,97.428617
578,98.332398,96.339372,97.371173
579,98.208077,96.216019,97.368861
580,98.129098,96.108403,97.3782
581,98.217707,96.112788,97.366758
582,98.362233,96.165836,97.352234
583,98.378239,96.187265,97.345766
584,98.187666,96.067571,97.345317
585,98.028455,95.935783,97.324751
586,98.053375,95.924097,97.31659
587,98.168923,95.963631,97.29826
588,98.222214,96.017235,97.286377
589,98.214157,96.059413,97.279901
590,98.070733,95.923344,97.274061
591,98.13369,95.904931,97.238207
592,98.32409,96.087404,97.206918
593,98.374737,96.142198,97.19742
594,98.338471,96.084894,97.17454
595,98.303571,96.025112,97.15076
596,98.191827,95.984458,97.142789
597,98.102621,95.927785,97.101356
598,98.195379,95.95609,97.06604
599,98.30039,96.059569,97.042157
600,98.275382,96.084829,97.033271
601,98.295239,96.085097,97.009072
602,98.346011,96.050118,97.008899
603,98.374494,96.068656,96.999266
604,98.366939,96.109546,96.996411
605,98.249255,95.956063,96.994859
606,98.225682,95.898827,96.99481
607,97.99313,95.709227,97.003916
608,98.040803,95.672391,96.975629
609,98.105105,95.750283,96.991218
610,98.130521,95.732098,96.981319
611,98.090923,95.735648,96.979251
612,98.079923,95.800815,96.977369
613,98.074874,95.758383,96.979713
614,98.062227,95.779935,96.981111
615,97.942653,95.759304,96.988663
616,97.870701,95.744254,97.022065
617,97.878693,95.723275,97.01314
618,97.79805,95.517106,97.02941
619,97.829065,95.538637,97.010614
620,97.871882,95.661687,97.038933
621,98.015008,95.692869,97.022696
622,98.200591,95.888163,97.003322
623,98.099867,95.832649,96.964777
624,98.003586,95.699187,96.955965
625,97.87151,95.543,96.972306
626,97.961156,95.558822,96.975321
627,97.929469,95.50565,96.927821
628,97.709835,95.317529,96.937939
629,97.862543,95.572926,96.949373
630,97.850591,95.584272,96.939616
631,97.826828,95.441682,96.946057
632,97.809917,95.443949,96.967175
633,98.036339,95.673787,96.952367
634,98.014025,95.641038,96.963532
635,98.05617,95.592578,96.979405
636,97.785383,95.405673,96.98034
637,97.776569,95.431396,96.983554
638,97.79211,95.390086,96.973253
639,97.997089,95.547681,97.002553
640,97.903261,95.487466,97.051385
641,98.000757,95.615587,97.052041
642,98.270376,95.782275,97.108008
643,98.061569,95.653949,97.079688
644,97.747751,95.338479,97.125141
645,97.93022,95.560213,97.10815
646,97.913584,95.552165,97.118146
647,97.847666,95.571624,97.116854
648,97.848324,95.539507,97.13444
649,97.682297,95.349344,97.177561
650,97.747472,95.392528,97.168814
651,98.037832,95.802681,97.1383
652,98.037879,95.758097,97.172863
653,97.766898,95.459956,97.196832
654,97.675563,95.357302,97.223957
655,97.69497,95.401111,97.230626
656,97.565607,95.209894,97.23729
657,97.971086,95.539135,97.290317
658,97.810559,95.417423,97.295844
659,97.600964,95.26292,97.343483
660,97.399343,95.196369,97.336847
661,97.477935,95.29313,97.320492
662,97.771366,95.526708,97.342371
663,97.741864,95.522304,97.365072
664,97.833886,95.569227,97.382994
665,97.630011,95.423304,97.401094
666,97.560942,95.388073,97.425129
667,97.541468,95.334039,97.477169
668,97.517061,95.373845,97.467054
669,97.657794,95.459003,97.499869
670,97.571792,95.412861,97.524614
671,97.464391,95.278769,97.546398
672,97.311541,95.139048,97.588069
673,97.617442,95.373704,97.565469
674,97.485679,95.313674,97.601585
675,97.501191,95.353157,97.600268
676,97.361233,95.278697,97.621455
677,97.319807,95.113268,97.640921
678,97.569175,95.355464,97.622175
679,97.581738,95.456294,97.683051
680,97.6047,95.55938,97.662563
681,97.746443,95.698574,97.655989
682,97.707243,95.578012,97.675954
683,97.410731,95.368028,97.735845
684,97.380875,95.526447,97.796293
685,97.559051,95.555494,97.825971
686,97.461998,95.536102,97.827474
687,97.936217,95.80201,97.904646
688,97.489193,95.421919,97.915457
689,97.367901,95.410864,97.918114
690,98.024378,95.925137,97.968598
691,98.130642,96.054433,98.025662
692,97.710693,95.634244,97.998906
693,97.781965,95.774795,98.036231
694,97.874713,95.926938,98.050764
695,97.974869,95.978745,98.100186
696,97.990173,95.964874,98.103701
697,98.076141,96.007851,98.151924
698,97.836032,95.665366,98.119998
699,97.927159,95.81407,98.189468
700,96.824915,97.419656,98.234016
700,96.824915,97.419656,98.234016
701,96.783193,97.415262,97.871122
702,96.805183,97.501553,97.956195
703,96.764354,97.4592,97.968397
704,96.787082,97.490634,98.006865
705,96.776873,97.512213,98.055354
706,96.771699,97.410923,98.00462
707,96.747757,97.429253,97.974355
708,96.796246,97.41877,97.892916
709,96.838296,97.377939,98.015216
710,96.806411,97.540021,98.091354
711,96.788665,97.498102,98.041072
712,96.807025,97.497225,98.053296
713,96.87604,97.48567,98.071162
714,96.829423,97.578761,98.07554
715,96.855724,97.59104,98.138556
716,96.848172,97.51464,98.094386
717,96.869296,97.56655,98.167076
718,96.913245,97.618069,98.125404
719,96.90637,97.613002,98.154314
720,96.904536,97.62724,98.132609
721,96.904271,97.618351,98.106155
722,96.950534,97.62706,98.12506
723,96.966649,97.614131,98.174858
724,96.951989,97.619059,98.194276
725,96.94049,97.6596,98.270799
726,96.922748,97.651967,98.158981
727,96.956204,97.713331,98.140674
728,96.959687,97.741886,98.186082
729,96.998787,97.764866,98.174762
730,96.997881,97.737685,98.149087
731,97.010728,97.68091,98.251722
732,97.071164,97.697151,98.222827
733,97.040351,97.730904,98.277037
734,97.095135,97.806827,98.280782
735,97.124666,97.866187,98.265747
736,97.061908,97.786437,98.302094
737,97.071589,97.808224,98.239423
738,97.072513,97.789865,98.216327
739,97.064967,97.816581,98.217911
740,97.122122,97.8594,98.339843
741,97.157243,97.888071,98.311269
742,97.140604,97.881258,98.366514
743,97.118191,97.844993,98.454699
744,97.156521,97.838124,98.337495
745,97.206608,97.867976,98.342332
746,97.250239,97.890639,98.373206
747,97.242452,97.950071,98.362247
748,97.146365,97.991143,98.354928
749,97.207609,98.008217,98.345698
750,97.281589,98.030877,98.369714
751,97.305336,97.986103,98.379693
752,97.350296,97.99712,98.428746
753,97.323221,97.981292,98.435873
754,97.309493,97.943352,98.394453
755,97.328457,97.976427,98.439098
756,97.274666,98.021176,98.481279
757,97.313754,98.00964,98.476148
758,97.368603,97.992392,98.498558
759,97.380444,98.067537,98.464269
760,97.389495,98.035258,98.443282
761,97.434264,98.066985,98.444291
762,97.447961,98.138305,98.438926
763,97.418377,98.098998,98.481275
764,97.393217,98.099395,98.486247
765,97.428811,98.172351,98.444239
766,97.47118,98.105745,98.443252
767,97.518824,98.107031,98.489519
768,97.479476,98.161023,98.486139
769,97.453071,98.210827,98.455895
770,97.459394,98.136613,98.451913
771,97.527747,98.090443,98.429627
772,97.535073,98.156206,98.436886
773,97.486101,98.227094,98.497125
774,97.507617,98.240593,98.490386
775,97.559519,98.211963,98.483725
776,97.593951,98.24088,98.519592
777,97.577963,98.251621,98.561561
778,97.517397,98.134509,98.586317
779,97.562609,98.15123,98.583654
780,97.617811,98.341978,98.604547
781,97.668419,98.35194,98.603016
782,97.720252,98.280759,98.579725
783,97.700661,98.213677,98.60584
784,97.653151,98.104537,98.568671
785,97.587518,98.167174,98.512111
786,97.649019,98.279151,98.551435
787,97.730216,98.284424,98.556822
788,97.690055,98.210187,98.578327
789,97.733732,98.22419,98.610747
790,97.795401,98.302652,98.600504
791,97.831574,98.308916,98.618217
792,97.845867,98.310038,98.618331
793,97.737154,98.347135,98.6263
794,97.701428,98.394363,98.556288
795,97.789251,98.347871,98.509475
796,97.822888,98.359904,98.555311
797,97.797192,98.432717,98.616613
798,97.776216,98.383312,98.688635
799,97.861948,98.324035,98.711292
800,97.860223,98.383933,98.71235
801,97.840053,98.444931,98.618381
802,97.862726,98.415977,98.612309
803,97.904835,98.355757,98.675899
804,97.936076,98.428531,98.628359
805,97.968698,98.471301,98.637671
806,97.963942,98.504911,98.642471
807,97.883372,98.511618,98.65214
808,97.892013,98.438271,98.633772
809,97.944735,98.493779,98.657667
810,97.969569,98.561387,98.692907
811,97.956848,98.504052,98.712435
812,97.979184,98.527178,98.682776
813,98.01936,98.548195,98.601738
814,98.017432,98.609248,98.651101
815,97.941177,98.654732,98.594377
816,98.014943,98.528727,98.619703
817,98.034828,98.522215,98.690341
818,98.02089,98.609831,98.631737
819,98.044471,98.622502,98.566132
820,98.065021,98.634324,98.536879
821,97.986195,98.555044,98.568213
822,97.925698,98.551505,98.62581
823,97.958147,98.541324,98.637201
824,98.093112,98.587602,98.614912
825,98.107841,98.54795,98.723951
826,98.048586,98.51943,98.602293
827,98.048156,98.562674,98.5851
828,98.106251,98.629952,98.63081
829,98.263567,98.619196,98.702943
830,98.288568,98.718776,98.739172
831,98.22538,98.516891,98.69667
832,98.261377,98.56074,98.704462
833,98.185753,98.5356,98.699712
834,98.280221,98.3576,98.711937
835,98.255925,98.563599,98.692391
836,98.141058,98.632317,98.762661
837,98.100873,98.567865,98.699272
838,98.076061,98.644585,98.702278
839,98.195122,98.660667,98.726547
840,98.271575,98.436028,98.75477
841,98.25022,98.579551,98.747589
842,98.270496,98.659438,98.811515
843,98.226123,98.680195,98.729974
844,98.289868,98.528981,98.799332
845,98.146029,98.384251,98.782648
846,98.216347,98.731511,98.664547
847,98.367794,98.577174,98.739362
848,98.311038,98.324239,98.646223
849,98.25724,98.478577,98.699403
850,98.190186,98.580844,98.732528
851,98.142058,98.622012,98.686054
852,98.141125,98.636278,98.64366
853,98.049789,98.783216,98.752103
854,98.163636,98.557116,98.849485
855,98.359839,98.738065,98.814596
856,98.187566,98.550694,98.668006
857,98.243739,98.535078,98.747885
858,98.317556,98.614116,98.888532
859,98.455072,98.847249,98.592388
860,98.485069,98.697782,98.532597
861,98.361719,98.611342,98.534701
862,98.307637,98.599587,98.573929
863,98.36483,98.63446,98.576216
864,98.398212,98.611094,98.57827
865,98.481722,98.633886,98.552774
866,98.523757,98.623434,98.552624
867,98.50237,98.639603,98.55894
868,98.389096,98.626071,98.587817
869,98.406338,98.621358,98.578744
870,98.373751,98.627773,98.562651
871,98.406948,98.613635,98.575446
872,98.442051,98.643224,98.562701
873,98.458806,98.64687,98.573076
874,98.49663,98.672288,98.54601
875,98.467747,98.68476,98.554664
876,98.440711,98.691982,98.582322
877,98.330873,98.672202,98.52119
878,98.341543,98.684129,98.545525
879,98.418002,98.693682,98.561551
880,98.42582,98.684651,98.545357
881,98.399927,98.745647,98.629494
882,98.272917,98.814128,98.586686
883,98.396362,98.649268,98.553123
884,98.393551,98.650804,98.583648
885,98.386094,98.620951,98.603002
886,98.386488,98.571699,98.618257
887,98.353353,98.760589,98.607923
888,98.376076,98.760965,98.616583
889,98.38909,98.788483,98.598258
890,98.34772,98.664614,98.586752
891,98.423442,98.706481,98.628202
892,98.358218,98.725183,98.612437
893,98.481151,98.722185,98.598302
894,98.474582,98.677605,98.607547
895,98.45301,98.710426,98.620671
896,98.421643,98.71915,98.6043
897,98.481766,98.744054,98.640122
898,98.576365,98.769361,98.634844
899,98.605422,98.605877,98.621953
900,98.56577,98.706804,98.637008
901,98.533889,98.718125,98.651076
902,98.631154,98.703007,98.495222
903,98.560125,98.875595,98.604157
904,98.479313,98.752213,98.57392
905,98.537484,98.74707,98.712171
906,98.458088,98.78498,98.603312
907,98.541014,98.775692,98.644018
908,98.578199,98.659616,98.558336
909,98.53257,98.732419,98.554315
910,98.650388,98.874162,98.599747
911,98.654033,98.812979,98.729918
912,98.646458,98.799782,98.641707
913,98.622533,98.675565,98.502915
914,98.670323,98.748423,98.594993
915,98.376368,98.894641,98.726335
916,98.408512,98.755764,98.653325
917,98.531303,98.759191,98.509048
918,98.601896,98.6407,98.587441
919,98.494253,98.724518,98.753019
920,98.586005,98.871811,98.691736
921,98.34359,98.796815,98.480939
922,98.360195,98.619482,98.604608
923,98.456253,98.82579,98.725886
924,98.561939,98.867317,98.647654
925,98.653349,98.867293,98.545711
926,98.61482,98.710695,98.715075
927,98.522826,98.91346,98.692654
928,98.475768,98.8563,98.559518
929,98.587694,98.720033,98.589577
930,98.491342,98.938165,98.745007
931,98.638541,98.881524,98.559771
932,98.698928,98.74082,98.721939
933,98.535982,98.895556,98.682951
934,98.401573,98.721051,98.529994
935,98.48744,98.922179,98.647713
936,98.560907,98.856722,98.638116
937,98.502049,98.710073,98.707002
938,98.574761,98.898562,98.565062
939,98.340114,98.846527,98.629172
940,98.582203,98.690578,98.78572
941,98.590399,98.810129,98.72655
942,98.616867,98.895155,98.528629
943,98.636636,98.726611,98.655557
944,98.683487,98.870838,98.6736
945,98.66398,98.734025,98.700847
946,98.731634,98.92535,98.717934
947,98.768115,98.926987,98.645954
948,98.642825,98.885666,98.678086
949,98.665206,98.753179,98.804825
950,98.685089,98.766105,98.65153
951,98.63718,98.929064,98.678032
952,98.686323,98.910494,98.657891
953,98.796169,98.768278,98.695305
954,98.795247,98.883668,98.679567
955,98.739855,98.739866,98.823291
956,98.606358,98.927688,98.77686
957,98.556542,98.787665,98.57438
958,98.744286,98.898011,98.658957
959,98.734329,98.948753,98.679797
960,98.519294,98.874183,98.787434
961,98.556094,98.886945,98.825031
962,98.692889,98.809051,98.684604
963,98.636588,98.961843,98.611874
964,98.470365,98.869009,98.691384
965,98.509892,98.958853,98.720285
966,98.619703,98.806967,98.819501
967,98.702817,98.921134,98.829093
968,98.487038,98.822615,98.670279
969,98.435172,98.989962,98.666888
970,98.431652,98.861584,98.745014
971,98.423627,98.936307,98.795925
972,98.406562,98.802011,98.753757
973,98.584476,98.885224,98.737217
974,98.626324,98.849326,98.751108
975,98.607014,98.946207,98.613018
976,98.595777,98.913593,98.692528
977,98.491362,98.881864,98.80899
978,98.480512,98.772142,98.71377
979,98.434322,98.939009,98.844184
980,98.421517,98.905001,98.75186
981,98.481618,98.854401,98.794915
982,98.514918,98.93688,98.683413
983,98.517308,98.824269,98.741836
984,98.450621,98.956229,98.763124
985,98.713937,98.897963,98.701734
986,98.614923,98.816499,98.76618
987,98.672097,98.882781,98.715378
988,98.634297,98.959377,98.708242
989,98.618922,98.940606,98.690292
990,98.558797,98.907548,98.747821
991,98.684565,98.857301,98.812935
992,98.536179,98.904953,98.70919
993,98.620219,98.964571,98.713057
994,98.737666,98.934108,98.813866
995,98.605474,98.887358,98.773805
996,98.567596,98.935542,98.769003
997,98.621765,98.89358,98.769043
998,98.642357,98.902777,98.719139
999,98.612196,98.830411,98.803469
1000,98.629797,98.896533,98.807474
1001,98.7045,98.983944,98.785864
1002,98.720131,98.919536,98.766814
1003,98.758046,98.858574,98.771924
1004,98.753474,98.933714,98.762276
1005,98.772299,98.972733,98.784
1006,98.756613,98.892266,98.75141
1007,98.662316,98.977439,98.785926
1008,98.588674,98.9042,98.734651
1009,98.68741,98.840958,98.818822
1010,98.742191,98.909334,98.773175
1011,98.746123,98.888956,98.785875
1012,98.718919,98.862124,98.770186
1013,98.654721,98.920017,98.739569
1014,98.706595,98.91646,98.74112
1015,98.641252,98.872535,98.734577
1016,98.599195,98.943497,98.734408
1017,98.571151,98.908572,98.766729
1018,98.601661,98.867236,98.722892
1019,98.636471,98.878626,98.774699
1020,98.710383,98.970968,98.752767
1021,98.770396,98.937327,98.753676
1022,98.795284,98.895941,98.765915
1023,98.791366,98.940821,98.781414
1024,98.795312,98.938632,98.781312
1025,98.757449,98.928581,98.766864
1026,98.781701,98.935044,98.711402
1027,98.826471,98.914938,98.79097
1028,98.836081,98.88222,98.718244
1029,98.766528,98.908862,98.773057
1030,98.708435,98.970756,98.820283
1031,98.761169,98.929534,98.796577
1032,98.728105,98.869898,98.708185
1033,98.662092,98.920144,98.722288
1034,98.542373,98.968397,98.732116
1035,98.467821,98.924653,98.709877
1036,98.545954,98.858644,98.708815
1037,98.518036,98.869741,98.707488
1038,98.542379,98.928725,98.726993
1039,98.589998,98.938691,98.756165
1040,98.543209,98.913006,98.743707
1041,98.54938,98.907903,98.712236
1042,98.585608,98.90614,98.742311
1043,98.545515,98.905158,98.772038
1044,98.557879,98.877695,98.755417
1045,98.676316,98.857368,98.732538
1046,98.735391,98.888451,98.696722
1047,98.739476,98.921114,98.693971
1048,98.719596,98.923647,98.718907
1049,98.781704,98.920249,98.768098
1050,98.78783,98.884002,98.744443
1051,98.749424,98.890535,98.716953
1052,98.729641,98.931297,98.73568
1053,98.82225,98.960565,98.721659
1054,98.886198,98.925288,98.751773
1055,98.797226,98.883988,98.756665
1056,98.821264,98.908487,98.736162
1057,98.807809,98.941807,98.708462
1058,98.772804,98.942561,98.737339
1059,98.779235,98.959151,98.740418
1060,98.786699,98.903241,98.736577
1061,98.665562,98.87671,98.762907
1062,98.51094,98.903709,98.730209
1063,98.567337,98.945023,98.682362
1064,98.670285,98.960154,98.680792
1065,98.63761,98.979543,98.68305
1066,98.623029,98.967057,98.696649
1067,98.649702,98.933626,98.746858
1068,98.68712,98.898459,98.774251
1069,98.716567,98.863549,98.753989
1070,98.703821,98.847875,98.777486
1071,98.71997,98.863688,98.753254
1072,98.722268,98.904706,98.703546
1073,98.660668,98.92057,98.712983
1074,98.611715,98.902361,98.734595
1075,98.608748,98.898099,98.714769
1076,98.646142,98.874159,98.731545
1077,98.701432,98.852763,98.755741
1078,98.693858,98.884368,98.748571
1079,98.649294,98.906085,98.741447
1080,98.629505,98.916497,98.717618
1081,98.558081,98.925827,98.704586
1082,98.543299,98.914436,98.692736
1083,98.609281,98.897795,98.706331
1084,98.601661,98.886511,98.710067
1085,98.445529,98.896761,98.74098
1086,98.331149,98.889368,98.755031
1087,98.386933,98.871372,98.749853
1088,98.46431,98.871292,98.727379
1089,98.522048,98.870553,98.686013
1090,98.60465,98.863821,98.683877
1091,98.668058,98.862479,98.683748
1092,98.642241,98.86712,98.689292
1093,98.603407,98.863778,98.721002
1094,98.596223,98.876726,98.727722
1095,98.604863,98.903839,98.734474
1096,98.634531,98.928137,98.728365
1097,98.692228,98.926946,98.703913
1098,98.705287,98.882746,98.673249
1099,98.71761,98.853878,98.677188
1100,98.70417,98.857216,98.71393
1101,98.665823,98.860997,98.713138
1102,98.700918,98.859714,98.735059
1103,98.726891,98.872544,98.759737
1104,98.697083,98.875996,98.739961
1105,98.701449,98.880548,98.730552
1106,98.729993,98.902357,98.711995
1107,98.761765,98.913711,98.690358
1108,98.781698,98.903111,98.707659
1109,98.776596,98.913057,98.692735
1110,98.789518,98.955201,98.690002
1111,98.836699,98.930318,98.71579
1112,98.81572,98.897486,98.711579
1113,98.760472,98.878812,98.695087
1114,98.757308,98.888963,98.701193
1115,98.737173,98.916693,98.730911
1116,98.724559,98.929198,98.706824
1117,98.734281,98.936159,98.696498
1118,98.753612,98.93639,98.704722
1119,98.734359,98.941274,98.701311
1120,98.680135,98.932936,98.710238
1121,98.690138,98.909379,98.702194
1122,98.608526,98.898674,98.686193
1123,98.559642,98.910744,98.686987
1124,98.656143,98.934117,98.641167
1125,98.691719,98.959563,98.657838
1126,98.631153,98.942995,98.710794
1127,98.6198,98.880202,98.727836
1128,98.600684,98.836895,98.715807
1129,98.566339,98.839443,98.699434
1130,98.56072,98.865894,98.740754
1131,98.671191,98.924579,98.773906
1132,98.683455,98.969236,98.761524
1133,98.657489,98.984073,98.718492
1134,98.648321,98.929353,98.684149
1135,98.664692,98.883874,98.662229
1136,98.713138,98.876387,98.684699
1137,98.746564,98.940262,98.699005
1138,98.730045,98.951947,98.675816
1139,98.739428,98.935937,98.6703
1140,98.714551,98.935808,98.672914
1141,98.664842,98.946906,98.695545
1142,98.671594,98.906342,98.698799
1143,98.697043,98.882235,98.665837
1144,98.697859,98.872544,98.742761
1145,98.668101,98.861408,98.728172
1146,98.606155,98.866918,98.719994
1147,98.575976,98.876335,98.695085
1148,98.594654,98.902239,98.681566
1149,98.611573,98.9221,98.698864
1150,98.623812,98.931492,98.683787
1151,98.579679,98.929875,98.684615
1152,98.573699,98.952519,98.694081
1153,98.565871,98.941649,98.663555
1154,98.543786,98.960941,98.634201
1155,98.545063,98.91644,98.573413
1156,98.580264,98.901366,98.640431
1157,98.594493,98.888081,98.692163
1158,98.566953,98.891294,98.680649
1159,98.607572,98.897585,98.674242
1160,98.606448,98.922917,98.711188
1161,98.593231,98.929238,98.699442
1162,98.58246,98.925557,98.692016
1163,98.584554,98.914359,98.688708
1164,98.624998,98.913188,98.699106
1165,98.66541,98.911705,98.716652
1166,98.673648,98.930212,98.715654
1167,98.667171,98.929845,98.70106
1168,98.592393,98.927327,98.681052
1169,98.685864,98.913142,98.659711
1170,98.722398,98.917793,98.64721
1171,98.714085,98.906001,98.673931
1172,98.71005,98.921768,98.673828
1173,98.657812,98.91625,98.692861
1174,98.718611,98.911778,98.710861
1175,98.75389,98.909303,98.683948
1176,98.71555,98.921556,98.66889
1177,98.672551,98.898759,98.637292
1178,98.629515,98.894124,98.647544
1179,98.657212,98.881619,98.68171
1180,98.644104,98.906839,98.681356
1181,98.60995,98.907993,98.70486
1182,98.61361,98.913948,98.661752
1183,98.607505,98.922509,98.673359
1184,98.619795,98.937472,98.68246
1185,98.572804,98.946385,98.689651
1186,98.578962,98.914132,98.701378
1187,98.568304,98.890704,98.663093
1188,98.540079,98.871383,98.657848
1189,98.545724,98.893022,98.650434
1190,98.504827,98.915422,98.664857
1191,98.447579,98.926035,98.660872
1192,98.449398,98.923579,98.65125
1193,98.403536,98.966711,98.655971
1194,98.463255,98.954655,98.658007
1195,98.549911,98.940994,98.656991
1196,98.617999,98.949109,98.642118
1197,98.644111,98.955701,98.667141
1198,98.666455,98.942914,98.654439
1199,98.645882,98.920209,98.65746
1200,98.550194,98.910669,98.637409
1201,98.455939,98.893883,98.610674
1202,98.536813,98.87056,98.609375
1203,98.597937,98.878158,98.67874
1204,98.635004,98.864124,98.606038
1205,98.561571,98.864499,98.548792
1206,98.386156,98.901512,98.506924
1207,98.282519,98.886479,98.638511
1208,98.370806,98.897501,98.707946
1209,98.393775,98.920016,98.685724
1210,98.427154,98.942911,98.584089
1211,98.461316,98.951653,98.627156
1212,98.44026,98.97732,98.669249
1213,98.446556,98.966905,98.592892
1214,98.483519,98.933885,98.607088
1215,98.491276,98.927663,98.657223
1216,98.478558,98.921681,98.656257
1217,98.44604,98.941375,98.673362
1218,98.455016,98.955524,98.575433
1219,98.503746,98.927586,98.555967
1220,98.575111,98.904647,98.589246
1221,98.516236,98.935297,98.654628
1222,98.535886,98.88482,98.656385
1223,98.533086,98.946273,98.644602
1224,98.49042,98.916789,98.63838
1225,98.491044,98.89888,98.634825
1226,98.596216,98.928477,98.627267
1227,98.525364,98.883264,98.682034
1228,98.483949,98.861451,98.616109
1229,98.533462,98.911748,98.651416
1230,98.624622,98.89397,98.601304
1231,98.588169,98.909698,98.603905
1232,98.509069,98.924464,98.61465
1233,98.439645,98.872016,98.614596
1234,98.442864,98.880371,98.575406
1235,98.50787,98.903804,98.616563
1236,98.511205,98.938352,98.513648
1237,98.49169,98.905704,98.632074
1238,98.465369,98.943025,98.660243
1239,98.501582,98.966331,98.601282
1240,98.617982,98.981987,98.603438
1241,98.570482,98.958371,98.633573
1242,98.465431,98.95818,98.626321
1243,98.471138,98.932996,98.633768
1244,98.412579,98.924437,98.626319
1245,98.450097,98.899759,98.599319
1246,98.477161,98.884686,98.634737
1247,98.442768,98.893456,98.596316
1248,98.478489,98.897563,98.600134
1249,98.483854,98.906687,98.627142
1250,98.355644,98.896924,98.599932
1251,98.329693,98.907111,98.58861
1252,98.30226,98.879213,98.597011
1253,98.325065,98.849024,98.617133
1254,98.472569,98.813559,98.618429
1255,98.506371,98.893835,98.576038
1256,98.47772,98.879518,98.5857
1257,98.496589,98.877233,98.626724
1258,98.532298,98.89494,98.566522
1259,98.539762,98.873558,98.608073
1260,98.583028,98.858837,98.626567
1261,98.510512,98.876632,98.598726
1262,98.36485,98.841101,98.574609
1263,98.243412,98.783312,98.573635
1264,98.37071,98.828321,98.586474
1265,98.360334,98.895888,98.5569
1266,98.392377,98.926831,98.576702
1267,98.320528,98.885037,98.614587
1268,98.421614,98.894941,98.586863
1269,98.45357,98.798528,98.618897
1270,98.445599,98.810929,98.615249
1271,98.402404,98.762175,98.558423
1272,98.423453,98.831083,98.562166
1273,98.398167,98.825001,98.592588
1274,98.427632,98.864891,98.578647
1275,98.498345,98.849784,98.596539
1276,98.525204,98.866112,98.626901
1277,98.492234,98.858075,98.574135
1278,98.473045,98.889584,98.594198
1279,98.457339,98.904442,98.586366
1280,98.38093,98.880963,98.566921
1281,98.457478,98.883686,98.575717
1282,98.35742,98.869911,98.594654
1283,98.170147,98.888789,98.569127
1284,98.438903,98.870555,98.589831
1285,98.4665,98.870574,98.574673
1286,98.513408,98.85443,98.576194
1287,98.475084,98.867819,98.544301
1288,98.502337,98.848247,98.550032
1289,98.509742,98.842266,98.593189
1290,98.452772,98.839567,98.550168
1291,98.432992,98.848743,98.531661
1292,98.473061,98.824892,98.534121
1293,98.467999,98.812896,98.562876
1294,98.472721,98.784296,98.547889
1295,98.449753,98.778585,98.556033
1296,98.429435,98.755623,98.548913
1297,98.443715,98.757509,98.556713
1298,98.447789,98.831313,98.558557
1299,98.465851,98.813477,98.540216
1300,98.4208,98.809829,98.540802
1301,98.336184,98.82909,98.577942
1302,98.309825,98.808253,98.538071
1303,98.322759,98.823001,98.554558
1304,98.384775,98.849346,98.536218
1305,98.485693,98.843225,98.560183
1306,98.475428,98.829475,98.560472
1307,98.455093,98.823414,98.532978
1308,98.407502,98.859589,98.528657
1309,98.316998,98.852526,98.54691
1310,98.367286,98.853632,98.517009
1311,98.398681,98.848223,98.501809
1312,98.449068,98.84837,98.504244
1313,98.507066,98.83662,98.504055
1314,98.526585,98.83884,98.509885
1315,98.515049,98.842949,98.521979
1316,98.471817,98.791195,98.504504
1317,98.450823,98.76465,98.518297
1318,98.42308,98.807134,98.552474
1319,98.412598,98.827321,98.535501
1320,98.541041,98.815183,98.522531
1321,98.582987,98.791397,98.525534
1322,98.699891,98.775469,98.498867
1323,98.628995,98.802948,98.4872
1324,98.566778,98.811882,98.485169
1325,98.572839,98.847712,98.485539
1326,98.589898,98.842597,98.539164
1327,98.494601,98.824745,98.530849
1328,98.462288,98.77942,98.524952
1329,98.482419,98.755135,98.545823
1330,98.57327,98.795349,98.488869
1331,98.545245,98.781428,98.491768
1332,98.529502,98.788712,98.5376
1333,98.566151,98.766172,98.540636
1334,98.47049,98.75897,98.550776
1335,98.47787,98.755995,98.524005
1336,98.508138,98.748778,98.516669
1337,98.499703,98.786163,98.497868
1338,98.448956,98.807717,98.516663
1339,98.459868,98.797985,98.525246
1340,98.496433,98.801074,98.501382
1341,98.477949,98.788763,98.506074
1342,98.397842,98.768204,98.488839
1343,98.395467,98.75984,98.47089
1344,98.415432,98.757618,98.472213
1345,98.477778,98.808167,98.492091
1346,98.44286,98.818478,98.513291
1347,98.327767,98.761622,98.502078
1348,98.305881,98.72777,98.486166
1349,98.311287,98.731638,98.49145
1350,98.348048,98.751287,98.500996
1351,98.418778,98.768652,98.500071
1352,98.40295,98.767828,98.491573
1353,98.281947,98.73154,98.489856
1354,98.342703,98.749524,98.389901
1355,98.343728,98.653524,98.375468
1356,98.298365,98.618253,98.520459
1357,98.270359,98.716095,98.493752
1358,98.306544,98.661047,98.483294
1359,98.305922,98.66425,98.46697
1360,98.229968,98.837902,98.504992
1361,98.245399,98.81959,98.493187
1362,98.261617,98.766444,98.522592
1363,98.235551,98.845665,98.47834
1364,98.252987,98.782008,98.520426
1365,98.324575,98.78684,98.436709
1366,98.381549,98.714123,98.360141
1367,98.368679,98.615367,98.482192
1368,98.377865,98.607682,98.467079
1369,98.335124,98.769842,98.451248
1370,98.252795,98.74795,98.457793
1371,98.251273,98.752172,98.429461
1372,98.316925,98.711887,98.583788
1373,98.288764,98.749413,98.702351
1374,98.275791,98.771797,98.468748
1375,98.357586,98.754649,98.443239
1376,98.366324,98.727284,98.382151
1377,98.282018,98.735924,98.375298
1378,98.155886,98.722469,98.485516
1379,98.163117,98.70985,98.510041
1380,98.283761,98.718051,98.54059
1381,98.314791,98.817974,98.50645
1382,98.3363,98.704076,98.48282
1383,98.407856,98.515425,98.442545
1384,98.476843,98.678426,98.268093
1385,98.45453,98.699802,98.259528
1386,98.361089,98.678036,98.439651
1387,98.255547,98.694058,98.423509
1388,98.241956,98.700199,98.424928
1389,98.27318,98.660525,98.433119
1390,98.296013,98.663572,98.495238
1391,98.33993,98.714395,98.492719
1392,98.414421,98.743621,98.443558
1393,98.404961,98.646568,98.434214
1394,98.428068,98.55939,98.419926
1395,98.421278,98.648844,98.578089
1396,98.335275,98.747802,98.59581
1397,98.331537,98.964618,98.41233
1398,98.314003,98.767499,98.342816
1399,98.288585,98.389755,98.373513
1400,98.24171,98.51912,98.417211
1401,98.212911,98.736656,98.386704
1402,98.302263,98.904147,98.390573
1403,98.399502,98.841916,98.393686
1404,98.441138,98.683981,98.337776
1405,98.454186,98.55442,98.333449
1406,98.377896,98.410666,98.356955
1407,98.249479,98.490558,98.358412
1408,98.162244,98.669343,98.328365
1409,98.210774,98.696744,98.370274
1410,98.276124,98.59105,98.399422
1411,98.347173,98.601593,98.33203
1412,98.4896,98.489767,98.34375
1413,98.493184,98.488228,98.415727
1414,98.321697,98.643979,98.415787
1415,98.273404,98.570465,98.512698
1416,98.331753,98.600892,98.48096
1417,98.348067,98.581904,98.386495
1418,98.339147,98.537062,98.396448
1419,98.328868,98.575951,98.376059
1420,98.372335,98.572356,98.342834
1421,98.455754,98.584366,98.353699
1422,98.482976,98.63676,98.369322
1423,98.482356,98.669383,98.353737
1424,98.471902,98.651532,98.335127
1425,98.457092,98.654414,98.339851
1426,98.392364,98.678974,98.351546
1427,98.294081,98.690319,98.358034
1428,98.284369,98.682093,98.367686
1429,98.314962,98.677972,98.392001
1430,98.298551,98.673753,98.355456
1431,98.257509,98.690083,98.324949
1432,98.271174,98.655115,98.344153
1433,98.287971,98.615448,98.208418
1434,98.272434,98.615469,98.254581
1435,98.253031,98.591755,98.372233
1436,98.260015,98.584785,98.386416
1437,98.246561,98.597279,98.447511
1438,98.290502,98.571322,98.401764
1439,98.381698,98.587778,98.325976
1440,98.414272,98.571815,98.338129
1441,98.370515,98.58853,98.311357
1442,98.276109,98.595395,98.320808
1443,98.312829,98.632499,98.323026
1444,98.321799,98.648312,98.323992
1445,98.308994,98.648325,98.271567
1446,98.279973,98.629791,98.294163
1447,98.279997,98.670222,98.34784
1448,98.284612,98.618697,98.37365
1449,98.335018,98.514128,98.395983
1450,98.362161,98.578138,98.33791
1451,98.35252,98.63636,98.329022
1452,98.387408,98.644559,98.33529
1453,98.40927,98.636972,98.342862
1454,98.352024,98.607613,98.313717
1455,98.245294,98.599407,98.262426
1456,98.231484,98.594257,98.28648
1457,98.276037,98.602627,98.305316
1458,98.364013,98.63317,98.309489
1459,98.410755,98.648069,98.320402
1460,98.418975,98.625418,98.335623
1461,98.297984,98.59807,98.357768
1462,98.238135,98.602943,98.316467
1463,98.244706,98.554192,98.290323
1464,98.258036,98.542779,98.285158
1465,98.160231,98.5789,98.297123
1466,98.182796,98.613349,98.278954
1467,98.226244,98.632486,98.318276
1468,98.251788,98.621388,98.334729
1469,98.288048,98.613774,98.338155
1470,98.325542,98.564286,98.315507
1471,98.370257,98.550961,98.303602
1472,98.369417,98.57321,98.284918
1473,98.342265,98.605507,98.329964
1474,98.258212,98.592844,98.328547
1475,98.235046,98.590968,98.351882
1476,98.345385,98.646137,98.386321
1477,98.388225,98.586906,98.344544
1478,98.383528,98.55885,98.314774
1479,98.348504,98.545633,98.314597
1480,98.280454,98.532201,98.283657
1481,98.232834,98.515494,98.277151
1482,98.245585,98.511225,98.275273
1483,98.392121,98.512811,98.284369
1484,98.36933,98.525345,98.259915
1485,98.309117,98.518834,98.257513
1486,98.306296,98.541272,98.260057
1487,98.351759,98.576602,98.265682
1488,98.364382,98.585814,98.273062
1489,98.326959,98.579842,98.2564
1490,98.314508,98.597712,98.24961
1491,98.311347,98.584001,98.312769
1492,98.267661,98.577421,98.318922
1493,98.082142,98.606398,98.298192
1494,98.120443,98.575194,98.292734
1495,98.103745,98.556182,98.314809
1496,98.097956,98.554497,98.258882
1497,98.090247,98.560009,98.266979
1498,98.083288,98.569652,98.28011
1499,98.141783,98.558659,98.277578
1500,98.216129,98.536898,98.258218
1501,98.177701,98.543512,98.225501
1502,98.218965,98.492266,98.201486
1503,98.13158,98.500708,98.238202
1504,98.173358,98.497574,98.22642
1505,98.183827,98.531423,98.264769
1506,98.168986,98.612984,98.272864
1507,98.173271,98.606218,98.306235
1508,98.173246,98.5537,98.298736
1509,98.149369,98.570801,98.270548
1510,98.198696,98.540664,98.25245
1511,98.33094,98.516963,98.268523
1512,98.29778,98.516389,98.233111
1513,98.212398,98.515426,98.264557
1514,98.200283,98.573805,98.230406
1515,98.243117,98.578585,98.226495
1516,98.037835,98.617511,98.208758
1517,98.105749,98.675265,98.22817
1518,98.15921,98.626103,98.179441
1519,98.16843,98.624196,98.231252
1520,98.212604,98.63869,98.251789
1521,98.19327,98.605658,98.262901
1522,98.146881,98.64809,98.224229
1523,98.080338,98.649984,98.253755
1524,98.186577,98.583084,98.238623
1525,98.283599,98.610394,98.236006
1526,98.250097,98.559308,98.186992
1527,98.252751,98.538178,98.173474
1528,98.187462,98.633834,98.200746
1529,98.171049,98.620841,98.19333
1530,98.249085,98.677666,98.18298
1531,98.207097,98.660569,98.19822
1532,98.331362,98.660639,98.215439
1533,98.314904,98.667393,98.198202
1534,98.243933,98.630412,98.231055
1535,98.210765,98.606653,98.217906
1536,98.090948,98.660617,98.215448
1537,98.035667,98.555952,98.228296
1538,98.206888,98.537294,98.22101
1539,98.237043,98.544638,98.220536
1540,98.237259,98.495566,98.175942
1541,98.301051,98.543588,98.174743
1542,98.183325,98.471297,98.158395
1543,98.268326,98.573262,98.157258
1544,98.174792,98.673789,98.188349
1545,98.151057,98.645008,98.219543
1546,98.221126,98.674532,98.212921
1547,98.291682,98.659274,98.224519
1548,98.31628,98.614397,98.218685
1549,98.391712,98.646078,98.184944
1550,98.462549,98.612807,98.21065
1551,98.418685,98.554503,98.193137
1552,98.371126,98.611265,98.198333
1553,98.251454,98.560389,98.159904
1554,98.245446,98.580158,98.167656
1555,98.168865,98.550207,98.151658
1556,98.193444,98.572494,98.12151
1557,98.336882,98.56333,98.168058
1558,98.188207,98.56322,98.164268
1559,98.210628,98.556754,98.19294
1560,98.126257,98.541328,98.173032
1561,98.159165,98.519145,98.16897
1562,98.226206,98.55451,98.152493
1563,98.130044,98.507611,98.199141
1564,98.096504,98.46834,98.152889
1565,98.079417,98.521522,98.159947
1566,98.122861,98.461696,98.140228
1567,98.143162,98.517347,98.130542
1568,98.212787,98.539673,98.14888
1569,98.312014,98.597236,98.132477
1570,98.056202,98.601562,98.153669
1571,97.947737,98.586012,98.16072
1572,98.008365,98.586716,98.143255
1573,98.030954,98.545181,98.159451
1574,98.076029,98.5046,98.177318
1575,98.209729,98.504259,98.108258
1576,98.298572,98.52476,98.11001
1577,98.24267,98.56181,98.128823
1578,98.156681,98.677935,98.151092
1579,98.227275,98.618939,98.14117
1580,98.169511,98.582403,98.075278
1581,98.159053,98.557474,98.104854
1582,98.258556,98.579421,98.138189
1583,98.160755,98.562323,98.123972
1584,98.179275,98.579546,98.156424
1585,98.177879,98.543489,98.196933
1586,98.204347,98.547188,98.075343
1587,98.214741,98.547671,98.086611
1588,98.311635,98.585639,98.114797
1589,98.360984,98.605591,98.095064
1590,98.366077,98.586222,98.117535
1591,98.409402,98.543357,98.15507
1592,98.312913,98.592767,98.123203
1593,98.386643,98.544529,98.146462
1594,98.296234,98.522045,98.104019
1595,98.284358,98.594919,98.072666
1596,98.226462,98.576805,98.075589
1597,98.05855,98.577756,98.09141
1598,98.021157,98.607356,98.101198
1599,97.992861,98.605601,98.102623
1600,98.018291,98.645426,98.130777
1601,98.089857,98.614845,98.122204
1602,98.156421,98.540029,98.153844
1603,98.182947,98.445342,98.114129
1604,98.096012,98.429744,98.098415
1605,97.985152,98.429649,98.089759
1606,98.058018,98.478289,98.080545
1607,98.032184,98.488666,98.05978
1608,98.077465,98.509195,98.09116
1609,98.040385,98.481793,98.092216
1610,98.053644,98.499017,98.112541
1611,98.046606,98.51828,98.144942
1612,97.978238,98.523762,98.097434
1613,98.120169,98.45006,98.082819
1614,98.181054,98.460814,98.023185
1615,98.052974,98.45642,98.055437
1616,98.094706,98.471755,98.082863
1617,98.197178,98.438712,98.081774
1618,98.220096,98.432839,98.063837
1619,98.116123,98.498962,98.118567
1620,98.108337,98.46631,98.106337
1621,98.112745,98.416423,98.104263
1622,98.080145,98.402109,98.077994
1623,98.093469,98.424185,98.094036
1624,98.076663,98.427383,98.122226
1625,98.010696,98.431848,98.106819
1626,98.063807,98.425727,98.082415
1627,98.138036,98.429052,98.050794
1628,98.178057,98.455782,98.039295
1629,98.038195,98.396102,98.050757
1630,98.002632,98.40567,98.053395
1631,98.037497,98.430822,98.0507
1632,97.996559,98.439959,98.056575
1633,98.026641,98.435053,98.074542
1634,98.02995,98.447056,98.102558
1635,97.962856,98.438778,98.098661
1636,98.000696,98.394036,98.13576
1637,98.062059,98.371259,98.082126
1638,98.020149,98.380639,98.076184
1639,97.962067,98.423758,98.041779
1640,97.983512,98.455105,98.052769
1641,98.060924,98.467736,98.023319
1642,98.049955,98.453471,97.997778
1643,98.050245,98.398321,98.019314
1644,97.956672,98.35858,98.058174
1645,97.982976,98.34424,98.094536
1646,97.91401,98.38921,98.067262
1647,97.953786,98.408868,98.053596
1648,98.01988,98.398298,98.03274
1649,98.000038,98.384174,98.048072
1650,98.023438,98.38409,98.080465
1651,98.024634,98.389554,98.064241
1652,97.86374,98.387196,98.050265
1653,97.98184,98.415167,98.029637
1654,98.003075,98.401193,98.049011
1655,98.008711,98.40008,98.061296
1656,98.020332,98.404296,98.053659
1657,98.025704,98.396624,98.070676
1658,98.000554,98.420545,98.044052
1659,98.001705,98.38076,98.053778
1660,98.024616,98.422375,98.013061
1661,98.004644,98.424098,97.999892
1662,98.007918,98.414776,97.99134
1663,97.995635,98.449231,98.003079
1664,97.977924,98.467901,98.032665
1665,97.93387,98.389387,98.013806
1666,97.969503,98.365963,97.99985
1667,97.998895,98.359647,97.998448
1668,97.938715,98.352541,98.020615
1669,97.934039,98.359782,98.050866
1670,97.948982,98.372611,98.058102
1671,98.104547,98.388283,98.067586
1672,98.08538,98.411886,98.066251
1673,97.998024,98.384978,98.047332
1674,97.977207,98.360726,98.017469
1675,97.990138,98.353227,98.002986
1676,97.984877,98.364682,97.992953
1677,97.952885,98.364451,97.982236
1678,97.87227,98.329604,97.9879
1679,97.823785,98.315902,97.988955
1680,97.775833,98.324473,98.006047
1681,97.830202,98.333928,98.040017
1682,97.880388,98.349606,98.040736
1683,97.807658,98.367392,98.018517
1684,97.814204,98.36224,98.004128
1685,97.825368,98.380775,98.045563
1686,97.756941,98.391227,98.0629
1687,97.727084,98.359713,98.043253
1688,97.770491,98.358621,97.997634
1689,97.802531,98.356924,97.983126
1690,97.832198,98.357592,97.970618
1691,97.792838,98.367388,98.001314
1692,97.741144,98.375147,98.005927
1693,97.733163,98.381241,97.998261
1694,97.725615,98.370992,98.004655
1695,97.766089,98.378502,98.010553
1696,97.796664,98.377682,98.033036
1697,97.862368,98.367346,98.0332
1698,97.86891,98.370411,98.03137
1699,97.843542,98.341956,98.0408
1700,97.893275,98.339287,98.04644
1701,97.892976,98.33715,98.035808
1702,97.864224,98.315447,98.019106
1703,97.855795,98.309633,98.021783
1704,97.861858,98.315631,98.032078
1705,97.879849,98.327022,98.027108
1706,97.875811,98.333848,98.039874
1707,97.886723,98.358544,98.022017
1708,97.924248,98.343215,98.009582
1709,97.951692,98.304895,97.983469
1710,97.908559,98.284737,97.983221
1711,97.855079,98.290838,97.9942
1712,97.896987,98.306429,97.982187
1713,97.860819,98.314062,98.008874
1714,97.828692,98.306478,98.013203
1715,97.827577,98.308805,98.010816
1716,97.800032,98.331465,98.006705
1717,97.767424,98.332816,97.995563
1718,97.77646,98.301766,97.998283
1719,97.757909,98.289517,97.996801
1720,97.770877,98.284064,97.979822
1721,97.817731,98.256985,97.993333
1722,97.782601,98.247356,98.047258
1723,97.78077,98.269487,98.034354
1724,97.83264,98.292148,98.029983
1725,97.837938,98.316625,98.047531
1726,97.813445,98.32368,98.017151
1727,97.687996,98.318177,97.98965
1728,97.632082,98.304326,97.98903
1729,97.681611,98.289073,98.004661
1730,97.690296,98.285811,98.027237
1731,97.745495,98.338169,98.0368
1732,97.755765,98.365565,98.0205
1733,97.703272,98.326304,98.000026
1734,97.687561,98.3126,98.009033
1735,97.746038,98.276437,98.019008
1736,97.83663,98.283433,97.995866
1737,97.872027,98.313155,97.997328
1738,97.841643,98.312441,98.021371
1739,97.824259,98.300746,98.031015
1740,97.780666,98.299006,98.023174
1741,97.695772,98.302071,97.989036
1742,97.721906,98.304703,97.973932
1743,97.785678,98.29968,97.986991
1744,97.83519,98.323029,98.016138
1745,97.872572,98.320941,98.03923
1746,97.845696,98.305458,98.025662
1747,97.884572,98.297206,98.019117
1748,97.899324,98.298056,97.990989
1749,97.765497,98.295981,97.985812
1750,97.69411,98.291121,97.978868
1751,97.758139,98.296093,98.005958
1752,97.874101,98.273565,98.025869
1753,97.933502,98.273982,97.99781
1754,97.950097,98.272997,98.001455
1755,98.034152,98.262825,97.985982
1756,98.019387,98.251087,97.987071
1757,98.002018,98.270952,98.02167
1758,98.08393,98.288651,98.011992
1759,98.102006,98.28627,98.022115
1760,98.036772,98.274456,98.028246
1761,97.983219,98.271226,98.028526
1762,97.956594,98.280188,97.97708
1763,97.941188,98.274369,98.000022
1764,97.921147,98.28712,98.017799
1765,97.825159,98.327305,97.995903
1766,97.79948,98.291866,98.004137
1767,97.885864,98.276495,98.025876
1768,97.895533,98.287515,98.012499
1769,97.837617,98.271947,97.997047
1770,97.899345,98.279387,97.990541
1771,97.864936,98.264292,97.980544
1772,97.776321,98.280881,97.976688
1773,97.724275,98.31161,98.002864
1774,97.778964,98.299981,98.021211
1775,97.802849,98.3016,98.018839
1776,97.767408,98.293349,97.982979
1777,97.797033,98.291897,97.977624
1778,97.821014,98.274423,97.958766
1779,97.817741,98.268199,97.992608
1780,97.83546,98.301677,98.005415
1781,97.857848,98.279543,97.938518
1782,97.825674,98.264934,98.069837
1783,97.804224,98.262661,97.978411
1784,97.772111,98.25327,97.980988
1785,97.772606,98.257666,97.971147
1786,97.779807,98.291022,98.013592
1787,97.844475,98.272285,97.997294
1788,97.84205,98.269459,98.008881
1789,97.85027,98.244206,97.991963
1790,97.902635,98.241645,97.984241
1791,97.86397,98.246688,98.029209
1792,97.869671,98.295167,98.013081
1793,97.822428,98.288515,98.002108
1794,97.77575,98.276967,98.000299
1795,97.828583,98.261648,97.997548
1796,97.855475,98.256072,98.016821
1797,97.749983,98.245125,98.016683
1798,97.667153,98.218857,98.002455
1799,97.667557,98.199787,98.025299
1800,97.684624,98.222859,98.006959
1801,97.650219,98.329303,98.055665
1802,97.643073,98.33323,97.917746
1803,97.664154,98.298996,98.023933
1804,97.712157,98.266397,98.047839
1805,97.707743,98.215407,97.996981
1806,97.704728,98.220567,97.999407
1807,97.681386,98.258603,97.968988
1808,97.795187,98.293055,98.004303
1809,97.664696,98.283601,97.885736
1810,97.567478,98.268817,97.97195
1811,97.514705,98.25657,97.941345
1812,97.497178,98.251202,97.973822
1813,97.58766,98.264169,98.005055
1814,97.700962,98.26834,97.990318
1815,97.736756,98.288978,97.997727
1816,97.720713,98.264337,98.024808
1817,97.762574,98.253634,97.982533
1818,97.795713,98.269585,98.000534
1819,97.808879,98.286182,97.938393
1820,97.766679,98.091916,97.87278
1821,97.772857,98.215555,97.970706
1822,97.7904,98.292389,97.913079
1823,97.789141,98.341438,98.062925
1824,97.796843,98.251655,98.05358
1825,97.813086,98.259957,98.254649
1826,97.843604,98.259819,97.991694
1827,97.872803,98.143483,97.948558
1828,97.918067,98.167965,97.482813
1829,98.004831,98.22025,98.01599
1830,97.897915,98.253132,98.054083
1831,97.836617,98.264865,98.002771
1832,97.821461,98.253172,98.007798
1833,97.925662,98.262837,97.926759
1834,97.860153,98.230232,97.997745
1835,97.787942,98.215975,97.990206
1836,97.83463,98.158856,98.00666
1837,97.820124,98.210714,97.934712
1838,97.776374,98.234308,98.152982
1839,97.738892,98.214006,98.115387
1840,97.70844,98.228784,98.016484
1841,97.806269,98.208578,98.160424
1842,97.911553,98.217084,98.070057
1843,97.93547,98.183174,98.025297
1844,97.940418,98.074784,98.224271
1845,97.87647,98.275042,97.71441
1846,97.793922,98.231271,97.974962
1847,97.750713,98.281994,98.056163
1848,97.801668,98.268091,97.981551
1849,97.798073,98.182109,98.030986
1850,97.817988,98.228964,97.980216
1851,97.937928,98.250786,98.03671
1852,97.911533,98.26172,98.02051
1853,97.904972,98.225414,97.953433
1854,97.935464,98.275784,97.991017
1855,97.931101,98.270396,98.025928
1856,97.915445,98.300622,98.054905
1857,97.829956,98.256642,98.00272
1858,97.838121,98.315616,97.952352
1859,97.864047,98.280023,98.019697
1860,97.781337,98.240797,97.878286
1861,97.788832,98.260954,97.75414
1862,97.832088,98.25429,98.248897
1863,97.898023,98.153256,98.010387
1864,97.840811,98.394835,98.048487
1865,97.806975,98.26539,97.983566
1866,97.957531,98.232326,98.036001
1867,97.923305,98.095812,97.941492
1868,97.801977,98.31662,98.034632
1869,97.74949,98.397203,97.988652
1870,97.685639,98.3642,97.971463
1871,97.749114,98.301213,98.20086
1872,97.794568,97.964681,98.001176
1873,97.844181,98.229233,98.000765
1874,97.77619,98.223861,98.138474
1875,97.808258,98.247643,97.959311
1876,97.770173,98.270129,98.047002
1877,97.90339,98.280465,97.982492
1878,98.093105,98.257233,98.022353
1879,97.976452,98.280291,97.958222
1880,97.82425,98.248523,98.074321
1881,97.799793,98.231019,98.034361
1882,97.715848,98.264159,97.992116
1883,97.814052,98.236852,97.957391
1884,97.821622,98.257008,98.072974
1885,97.821475,98.190405,97.975888
1886,97.894669,98.211256,97.968292
1887,97.891051,98.235526,97.885805
1888,97.859876,98.227884,97.978925
1889,97.944702,98.192941,98.009103
1890,97.907033,98.25649,97.989882
1891,97.785669,98.314793,98.00555
1892,97.749511,98.273748,98.007315
1893,97.790299,98.269893,97.978212
1894,97.817937,98.179931,97.939008
1895,97.840475,98.201659,97.937645
1896,97.838124,98.160536,97.989503
1897,97.747056,98.189121,98.021592
1898,97.668498,98.071652,97.963218
1899,97.580937,98.184534,97.911683
1900,97.590121,98.131034,97.935068
1901,97.748394,97.953956,97.978607
1902,97.796022,98.255056,97.92738
1903,97.768213,98.077574,97.942603
1904,97.718665,98.118809,97.906429
1905,97.653959,98.110368,98.023766
1906,97.664939,98.10898,97.93231
1907,97.770839,98.111493,97.997772
1908,97.759889,98.067418,97.863994
1909,97.621098,98.130272,97.9262
1910,97.669586,98.115806,98.0828
1911,97.65749,98.103841,97.879816
1912,97.693718,98.118941,97.861337
1913,97.724513,98.038208,98.067458
1914,97.694756,98.108371,97.903406
1915,97.698562,98.085499,97.891822
1916,97.700926,98.134393,97.728266
1917,97.73621,98.25181,97.861065
1918,97.849677,98.103527,97.892345
1919,97.838569,98.039782,97.856422
1920,97.71745,98.130855,97.882072
1921,97.844281,98.104366,97.877101
1922,97.810613,98.064133,98.147332
1923,97.76898,98.017106,97.856348
1924,97.683456,98.076797,97.899256
1925,97.654172,98.0683,97.937549
1926,97.702775,98.09473,97.979024
1927,97.708264,98.058053,97.902477
1928,97.71582,98.159601,97.759945
1929,97.693606,98.133019,97.903307
1930,97.669982,98.102721,97.931638
1931,97.826112,98.121713,98.062487
1932,97.866313,98.110746,98.054259
1933,97.766584,98.142131,97.924041
1934,97.891556,98.117222,97.920536
1935,97.795866,98.099621,98.014258
1936,97.918738,98.061325,98.000463
1937,97.844579,98.098519,98.055895
1938,97.915268,98.122157,97.905797
1939,97.883002,98.109505,97.957319
1940,98.088911,98.090943,97.976765
1941,98.119599,98.179076,97.841022
1942,97.857656,98.253591,97.922656
1943,97.757447,98.174856,97.940837
1944,97.847726,98.126769,97.92669
1945,97.800259,98.07254,97.929057
1946,97.849705,98.183558,97.935011
1947,97.941552,98.130055,97.979299
1948,97.866493,98.018494,97.975273
1949,97.891497,98.102848,97.985611
1950,97.917509,98.198986,97.977892
1951,97.818026,98.150235,97.952429
1952,97.900206,98.129602,97.871677
1953,97.830512,98.148192,97.951828
1954,97.668034,98.134211,97.946797
1955,97.795943,98.095413,97.96993
1956,97.868877,98.120656,98.034566
1957,97.871524,98.210604,97.986037
1958,97.909775,98.167888,97.931247
1959,97.772561,98.178948,97.99303
1960,97.736894,98.159726,98.05722
1961,97.785511,98.073252,97.953604
1962,97.78508,98.129091,97.959305
1963,97.819335,98.177051,97.981185
1964,97.748221,98.136426,98.012
1965,97.706582,98.109006,98.018609
1966,97.731807,98.154736,97.977364
1967,97.695037,98.129912,97.934104
1968,97.673369,98.176899,97.993371
1969,97.759199,98.129171,98.017259
1970,97.939637,98.10083,98.023256
1971,97.844104,98.157715,98.030707
1972,97.697727,98.188346,98.010829
1973,97.657573,98.19515,98.011821
1974,97.700978,98.154818,98.013012
1975,97.681094,98.106547,98.032645
1976,97.711233,98.187983,98.018672
1977,97.788194,98.164374,98.044324
1978,97.807654,98.150149,98.09538
1979,97.790601,98.112808,98.059846
1980,97.772213,98.124872,98.007648
1981,97.773111,98.152851,98.018098
1982,97.764626,98.169863,98.030444
1983,97.802397,98.154616,98.066622
1984,97.745985,98.131005,98.052422
1985,97.650971,98.210662,98.028097
1986,97.561402,98.174916,98.01397
1987,97.570545,98.153448,98.053996
1988,97.646503,98.140814,98.073883
1989,97.646376,98.113103,98.044064
1990,97.666804,98.141821,98.022495
1991,97.71542,98.199909,98.014543
1992,97.740623,98.231317,98.057849
1993,97.821627,98.211188,98.07875
1994,97.869122,98.200233,98.065225
1995,97.820326,98.16974,98.065955
1996,97.763901,98.121978,98.062819
1997,97.791734,98.107167,98.054311
1998,97.771959,98.141853,98.015275
1999,97.745067,98.200867,98.037381
2000,97.713087,98.216861,98.060247
2001,97.695425,98.215548,98.042864
2002,97.698424,98.209221,98.024382
2003,97.673306,98.199297,98.032111
2004,97.652254,98.190564,98.066829
2005,97.699718,98.1722,98.07597
2006,97.691463,98.153779,98.102268
2007,97.675305,98.177993,98.124037
2008,97.694688,98.186766,98.102395
2009,97.732561,98.163128,98.056605
2010,97.741536,98.170786,98.076283
2011,97.694177,98.181611,98.087098
2012,97.707723,98.18933,98.074489
2013,97.75436,98.204898,98.080333
2014,97.788563,98.214682,98.068769
2015,97.794984,98.213498,98.082721
2016,97.773128,98.194981,98.091476
2017,97.723408,98.16972,98.089638
2018,97.66937,98.139222,98.093802
2019,97.654456,98.12359,98.109601
2020,97.661822,98.138297,98.087481
2021,97.70073,98.146031,98.066435
2022,97.732292,98.163603,98.069886
2023,97.727593,98.197701,98.075082
2024,97.742108,98.198362,98.092397
2025,97.76694,98.195551,98.086997
2026,97.733327,98.192532,98.068102
2027,97.717294,98.207335,98.066292
2028,97.73918,98.230791,98.063731
2029,97.742113,98.22817,98.07331
2030,97.757919,98.240577,98.089286
2031,97.814706,98.246462,98.093885
2032,97.821775,98.221825,98.093441
2033,97.776169,98.227564,98.099404
2034,97.789722,98.237529,98.093688
2035,97.765417,98.242096,98.082393
2036,97.715336,98.209301,98.095026
2037,97.728165,98.184282,98.100497
2038,97.711671,98.192946,98.081865
2039,97.687002,98.195016,98.090403
2040,97.71957,98.201278,98.119754
2041,97.826471,98.179131,98.105495
2042,97.880541,98.155138,98.099337
2043,97.882706,98.177227,98.122072
2044,97.918057,98.180887,98.131075
2045,97.903704,98.171095,98.131111
2046,97.855633,98.169533,98.124396
2047,97.855483,98.173651,98.118127
2048,97.856514,98.187118,98.127805
2049,97.818973,98.180469,98.135696
2050,97.769888,98.181321,98.137131
2051,97.756655,98.150975,98.145723
2052,97.713678,98.131495,98.146186
2053,97.682014,98.150526,98.144427
2054,97.712158,98.142799,98.116392
2055,97.725929,98.160176,98.098079
2056,97.681004,98.16998,98.122172
2057,97.662423,98.177669,98.125206
2058,97.670588,98.180372,98.117173
2059,97.70107,98.164895,98.10434
2060,97.733209,98.167517,98.089526
2061,97.75514,98.1496,98.095267
2062,97.790787,98.153523,98.09787
2063,97.753463,98.168715,98.10679
2064,97.724128,98.159217,98.121315
2065,97.773958,98.190886,98.138596
2066,97.813779,98.204156,98.116886
2067,97.787757,98.214299,98.121528
2068,97.779487,98.23513,98.130614
2069,97.780908,98.215564,98.145505
2070,97.791681,98.201911,98.124803
2071,97.760619,98.195617,98.131863
2072,97.653733,98.194893,98.160362
2073,97.648216,98.186275,98.167763
2074,97.672378,98.170435,98.150722
2075,97.670503,98.189203,98.1657
2076,97.76811,98.205309,98.182983
2077,97.840308,98.199333,98.190124
2078,97.837438,98.188507,98.151955
2079,97.821341,98.204931,98.155502
2080,97.781435,98.247869,98.143586
2081,97.738559,98.223378,98.131603
2082,97.663058,98.19421,98.152713
2083,97.62069,98.175296,98.13221
2084,97.653531,98.139963,98.116248
2085,97.687022,98.147444,98.142094
2086,97.711199,98.153382,98.157853
2087,97.668767,98.194551,98.178037
2088,97.650914,98.211334,98.187947
2089,97.615292,98.24868,98.163873
2090,97.640718,98.237651,98.170065
2091,97.688835,98.195767,98.18169
2092,97.745814,98.202706,98.171497
2093,97.702195,98.21522,98.146586
2094,97.672267,98.238128,98.150604
2095,97.715867,98.23573,98.157821
2096,97.745221,98.242899,98.113317
2097,97.68379,98.207136,98.094918
2098,97.622733,98.182781,98.09515
2099,97.634248,98.225927,98.099492
2100,97.634679,98.235837,98.093235
2101,97.647094,98.232121,98.145718
2102,97.755564,98.250153,98.161886
2103,97.684367,98.251443,98.161913
2104,97.564973,98.268793,98.144632
2105,97.572079,98.260007,98.136115
2106,97.655764,98.215367,98.131909
2107,97.716057,98.180445,98.171777
2108,97.770179,98.206311,98.22808
2109,97.803781,98.251058,98.190566
2110,97.767671,98.23101,98.170336
2111,97.74872,98.221114,98.187882
2112,97.780002,98.231271,98.147468
2113,97.748241,98.25576,98.168017
2114,97.734418,98.252069,98.159569
2115,97.741059,98.2042,98.187516
2116,97.864917,98.146942,98.185186
2117,97.850631,98.188502,98.183022
2118,97.839159,98.200631,98.157264
2119,97.853802,98.256268,98.159845
2120,97.850651,98.254887,98.163483
2121,97.851782,98.228084,98.163199
2122,97.884002,98.222047,98.157085
2123,97.957186,98.191073,98.102885
2124,97.909912,98.204402,98.173179
2125,97.915408,98.247902,98.159706
2126,97.869532,98.25455,98.182165
2127,97.864261,98.232433,98.191362
2128,97.802959,98.198888,98.20829
2129,97.864932,98.187784,98.204309
2130,97.890675,98.173605,98.188621
2131,97.899365,98.228153,98.187716
2132,97.870891,98.252956,98.128621
2133,97.864825,98.247361,98.167701
2134,97.877201,98.254456,98.178797
2135,97.838803,98.22145,98.216705
2136,97.810902,98.182269,98.151242
2137,97.881953,98.223887,98.197628
2138,97.858001,98.258871,98.20736
2139,97.933707,98.260126,98.186092
2140,98.094557,98.257185,98.172998
2141,98.035411,98.193079,98.152455
2142,97.988033,98.184577,98.176939
2143,97.882439,98.258369,98.220606
2144,97.812428,98.254201,98.235749
2145,97.959081,98.26677,98.183902
2146,97.924579,98.279437,98.212655
2147,97.929829,98.201273,98.193733
2148,98.079335,98.220792,98.188129
2149,98.103086,98.250288,98.11613
2150,98.046926,98.273055,98.180364
2151,97.90221,98.268976,98.178546
2152,97.974859,98.253476,98.167595
2153,98.046702,98.278173,98.166141
2154,98.014867,98.281626,98.160305
2155,97.961374,98.275094,98.235445
2156,98.037486,98.279307,98.220625
2157,98.101436,98.2441,98.186517
2158,97.957595,98.245963,98.195813
2159,97.921801,98.280036,98.211894
2160,97.914049,98.276612,98.217349
2161,97.937262,98.22834,98.213268
2162,98.005553,98.229958,98.183403
2163,98.025937,98.266486,98.179056
2164,98.045684,98.298689,98.221244
2165,98.00921,98.277851,98.200461
2166,98.057869,98.274812,98.194017
2167,98.100984,98.225645,98.209547
2168,98.146296,98.260232,98.22359
2169,98.064742,98.28854,98.183053
2170,98.000418,98.294905,98.214518
2171,97.965292,98.242274,98.181631
2172,97.933003,98.273955,98.151026
2173,97.826548,98.239464,98.124645
2174,97.824962,98.237915,98.18445
2175,97.975302,98.174463,98.171383
2176,97.890696,98.25064,98.12555
2177,97.791574,98.30885,98.15095
2178,97.820087,98.325519,98.179917
2179,97.992151,98.270001,98.186516
2180,98.128035,98.250824,98.220578
2181,98.090166,98.299725,98.164831
2182,98.071894,98.263065,98.21774
2183,98.099848,98.212277,98.17672
2184,98.083462,98.30691,98.207295
2185,98.074451,98.258234,98.231437
2186,98.034868,98.247464,98.214924
2187,97.957956,98.195403,98.153712
2188,97.924033,98.284078,98.169405
2189,98.02806,98.26622,98.188824
2190,98.000446,98.185219,98.200962
2191,97.943523,98.296283,98.144564
2192,97.843407,98.223001,98.166043
2193,97.834735,98.221118,98.149851
2194,97.967546,98.311796,98.165352
2195,97.95952,98.286377,98.211563
2196,97.911514,98.195146,98.177794
2197,98.018314,98.276547,98.120101
2198,98.12125,98.269448,98.243083
2199,97.988292,98.251035,98.206651
2200,97.874713,98.181294,98.11682
2201,98.037206,98.302886,98.171761
2202,97.961532,98.309351,98.133565
2203,97.898129,98.239168,98.180535
2204,97.886402,98.17283,98.136898
2205,98.091752,98.292288,98.149437
2206,98.063831,98.293787,98.237314
2207,98.001017,98.306175,98.196882
2208,98.109754,98.27069,98.080017
2209,97.975716,98.228651,98.190273
2210,98.000593,98.297204,98.17895
2211,98.0731,98.220396,98.146639
2212,97.994408,98.198491,98.196681
2213,97.792404,98.243343,98.152654
2214,97.754429,98.309419,98.207063
2215,97.824847,98.30943,98.166942
2216,97.967758,98.299277,98.194874
2217,97.85651,98.278971,98.168844
2218,97.989511,98.262796,98.184937
2219,98.059342,98.267582,98.161462
2220,98.00985,98.265658,98.181088
2221,97.974177,98.290629,98.192062
2222,97.938896,98.272013,98.208718
2223,97.992164,98.306652,98.197511
2224,97.994472,98.301074,98.186102
2225,98.027164,98.275068,98.160435
2226,98.077987,98.238131,98.150352
2227,98.107539,98.217224,98.122485
2228,98.12864,98.258082,98.131487
2229,97.969486,98.279901,98.18941
2230,97.998184,98.267212,98.198376
2231,98.023022,98.286881,98.204165
2232,98.060863,98.290391,98.207678
2233,98.126132,98.264938,98.197925
2234,98.183593,98.238608,98.176624
2235,98.088875,98.272922,98.213759
2236,98.098326,98.300065,98.215445
2237,98.178305,98.27151,98.206156
2238,98.017988,98.276618,98.170329
2239,97.835326,98.240681,98.169516
2240,97.769894,98.247075,98.162325
2241,97.76353,98.277507,98.167432
2242,97.742494,98.309003,98.162778
2243,97.76437,98.2866,98.145326
2244,97.800732,98.287864,98.189364
2245,97.757465,98.270181,98.157275
2246,97.646146,98.234582,98.171335
2247,97.748834,98.234217,98.189905
2248,97.828351,98.288012,98.170282
2249,97.807213,98.306859,98.156497
2250,97.774142,98.316707,98.185336
2251,97.787683,98.276444,98.150767
2252,97.682296,98.248969,98.161452
2253,97.611142,98.275455,98.210512
2254,97.636106,98.29807,98.195858
2255,97.720281,98.311362,98.195634
2256,97.802707,98.312311,98.217745
2257,97.90594,98.291508,98.220048
2258,97.998777,98.26891,98.139656
2259,98.028888,98.25749,98.155221
2260,97.958511,98.26096,98.148846
2261,97.773204,98.274678,98.15465
2262,97.721987,98.298415,98.214977
2263,97.878058,98.311784,98.19231
2264,97.896928,98.304984,98.215024
2265,97.884312,98.281913,98.236447
2266,97.855774,98.306331,98.236246
2267,97.976009,98.280593,98.227493
2268,98.057862,98.258584,98.17053
2269,98.06377,98.270276,98.171059
2270,98.018258,98.253809,98.174661
2271,97.974449,98.328485,98.245472
2272,97.930438,98.324336,98.239552
2273,97.900532,98.331721,98.22896
2274,97.954195,98.322731,98.220874
2275,97.979886,98.316397,98.229316
2276,97.944008,98.316742,98.188428
2277,97.910915,98.309312,98.152028
2278,97.881873,98.285195,98.174525
2279,97.822098,98.304336,98.193153
2280,97.85979,98.305759,98.213417
2281,97.844135,98.327441,98.238445
2282,97.820015,98.352864,98.234244
2283,97.85091,98.36373,98.220888
2284,97.882339,98.355548,98.220981
2285,97.886088,98.333999,98.245046
2286,97.915278,98.304227,98.269081
2287,97.949002,98.291931,98.192973
2288,97.940217,98.271298,98.1791
2289,97.989474,98.276718,98.193733
2290,97.994004,98.308574,98.211695
2291,97.968861,98.341395,98.190547
2292,98.025901,98.350892,98.229199
2293,98.021187,98.34591,98.250922
2294,97.96436,98.315897,98.233965
2295,97.980581,98.293057,98.229076
2296,98.071136,98.313949,98.249099
2297,98.105733,98.319762,98.216252
2298,98.027769,98.326967,98.208894
2299,97.983119,98.331702,98.199598
2300,97.974837,98.322173,98.201823
2301,97.962804,98.307039,98.227554
2302,97.972761,98.330418,98.262141
2303,97.978132,98.352474,98.26018
2304,97.990377,98.334185,98.235048
2305,98.041967,98.300648,98.251229
2306,98.060945,98.291116,98.249861
2307,98.010104,98.301645,98.240735
2308,97.975957,98.342455,98.235725
2309,98.043303,98.352377,98.267381
2310,98.051441,98.352646,98.252019
2311,98.023087,98.369636,98.277872
2312,97.972666,98.368225,98.275163
2313,97.932257,98.343972,98.263027
2314,97.881241,98.300853,98.278019
2315,97.881929,98.284814,98.240969
2316,97.826625,98.300771,98.236074
2317,97.866782,98.334836,98.282432
2318,97.929143,98.350832,98.312376
2319,97.894237,98.35714,98.290044
2320,97.776993,98.351308,98.268362
2321,97.797672,98.366768,98.27393
2322,97.838116,98.32418,98.307936
2323,97.848708,98.293001,98.31206
2324,97.773465,98.295476,98.282981
2325,97.689959,98.288653,98.271332
2326,97.688835,98.323194,98.260597
2327,97.696134,98.372488,98.254526
2328,97.70377,98.384007,98.291447
2329,97.703228,98.375547,98.282216
2330,97.745788,98.369599,98.273923
2331,97.832214,98.365901,98.2959
2332,97.818555,98.368073,98.28579
2333,97.841808,98.345446,98.265495
2334,97.914875,98.333986,98.25424
2335,97.862191,98.338715,98.239488
2336,97.837125,98.359264,98.244019
2337,97.850519,98.385576,98.250988
2338,97.770375,98.35762,98.258226
2339,97.762372,98.360523,98.283884
2340,97.806567,98.394026,98.295672
2341,97.810917,98.396607,98.300666
2342,97.798645,98.3713,98.291609
2343,97.80274,98.363281,98.288529
2344,97.773237,98.389715,98.288399
2345,97.76345,98.399608,98.27426
2346,97.784562,98.384537,98.287349
2347,97.794783,98.379587,98.300927
2348,97.833705,98.374489,98.273424
2349,97.869368,98.371741,98.283253
2350,97.904818,98.382816,98.303925
2351,97.889235,98.392728,98.316229
2352,97.850937,98.389875,98.345852
2353,97.83039,98.36711,98.32623
2354,97.751829,98.365874,98.298482
2355,97.74351,98.363087,98.295837
2356,97.852373,98.367456,98.286499
2357,97.854335,98.391046,98.293689
2358,97.757469,98.408464,98.302225
2359,97.755779,98.421001,98.303476
2360,97.719477,98.417666,98.354952
2361,97.701145,98.420859,98.356919
2362,97.769779,98.411616,98.347325
2363,97.705836,98.37564,98.377135
2364,97.640832,98.37922,98.358387
2365,97.695211,98.365698,98.335481
2366,97.74686,98.39107,98.321203
2367,97.76512,98.417005,98.320254
2368,97.699547,98.422377,98.335215
2369,97.704829,98.407198,98.332693
2370,97.766835,98.398029,98.323987
2371,97.776031,98.406166,98.333148
2372,97.780758,98.377009,98.350449
2373,97.800539,98.383765,98.348898
2374,97.827891,98.383404,98.339137
2375,97.958958,98.347867,98.345338
2376,98.038277,98.336175,98.344193
2377,97.931184,98.349638,98.309481
2378,97.859637,98.363971,98.32612
2379,97.867202,98.386042,98.313934
2380,97.843929,98.386438,98.317054
2381,97.783284,98.408928,98.348548
2382,97.773422,98.421008,98.357296
2383,97.829944,98.408657,98.372163
2384,97.835118,98.36094,98.360778
2385,97.842786,98.336971,98.348901
2386,97.877549,98.34477,98.369075
2387,97.774796,98.371657,98.367059
2388,97.698768,98.384826,98.343544
2389,97.745762,98.403653,98.335
2390,97.694429,98.388924,98.323078
2391,97.681747,98.392277,98.317251
2392,97.746306,98.45018,98.37773
2393,97.835598,98.44705,98.366271
2394,97.821273,98.436219,98.366334
2395,97.883801,98.422241,98.388196
2396,97.914878,98.382729,98.369058
2397,97.842226,98.355041,98.361695
2398,97.846408,98.373938,98.383217
2399,97.873348,98.396293,98.402827
2400,97.846596,98.432697,98.357707
2401,97.807106,98.441346,98.316178
2402,97.813836,98.437096,98.31806
2403,97.767472,98.40738,98.340059
2404,97.720103,98.422475,98.372869
2405,97.735194,98.417854,98.377669
2406,97.758403,98.428035,98.375442
2407,97.689856,98.39922,98.38132
2408,97.619201,98.376655,98.381349
2409,97.595422,98.385678,98.388138
2410,97.614929,98.400659,98.383935
2411,97.649945,98.418451,98.355906
2412,97.625357,98.404455,98.353989
2413,97.617379,98.405816,98.384297
2414,97.614488,98.410671,98.402233
2415,97.661226,98.371519,98.381153
2416,97.558706,98.315911,98.369173
2417,97.445347,98.356282,98.34716
2418,97.514852,98.387436,98.351203
2419,97.654548,98.391932,98.357922
2420,97.76146,98.429046,98.346678
2421,97.831886,98.408973,98.350626
2422,97.852636,98.405261,98.36064
2423,97.784147,98.392556,98.362563
2424,97.77949,98.391579,98.365585
2425,97.765509,98.400044,98.366234
2426,97.758457,98.399428,98.366405
2427,97.707163,98.404396,98.361578
2428,97.83636,98.379016,98.374251
2429,97.983226,98.335995,98.351316
2430,98.026636,98.399314,98.3648
2431,97.861361,98.380643,98.35683
2432,97.762259,98.386953,98.37753
2433,97.800021,98.371859,98.35617
2434,97.880992,98.359902,98.354469
2435,97.787049,98.400507,98.357865
2436,97.764884,98.367883,98.339144
2437,97.810911,98.367687,98.347846
2438,97.824686,98.441114,98.375198
2439,97.888054,98.426234,98.343829
2440,97.820245,98.412175,98.371444
2441,97.813019,98.409899,98.35296
2442,97.816233,98.37656,98.378001
2443,97.852704,98.395997,98.376915
2444,97.860999,98.351078,98.366955
2445,97.746742,98.369793,98.334551
2446,97.680422,98.384469,98.338574
2447,97.719836,98.388322,98.371936
2448,97.758884,98.396218,98.357708
2449,97.752055,98.369292,98.329024
2450,97.755938,98.346881,98.36184
2451,97.764197,98.365915,98.349322
2452,97.742131,98.360121,98.367605
2453,97.781913,98.331626,98.390663
2454,97.853275,98.373816,98.360042
2455,97.884834,98.390017,98.379528
2456,97.808796,98.4039,98.356576
2457,97.813974,98.40467,98.347056
2458,97.897956,98.384904,98.368163
2459,97.940435,98.39475,98.352675
2460,97.8555,98.354403,98.318934
2461,97.897554,98.328153,98.345586
2462,97.810117,98.342105,98.378429
2463,97.778577,98.342293,98.349042
2464,97.864178,98.385447,98.384976
2465,97.838162,98.380545,98.362932
2466,97.876973,98.369393,98.337651
2467,97.922196,98.38505,98.402932
2468,98.042379,98.422924,98.39243
2469,98.146187,98.403549,98.373887
2470,98.135488,98.410692,98.404045
2471,98.1569,98.384473,98.337345
2472,98.005049,98.316228,98.376188
2473,97.952999,98.331107,98.368508
2474,98.047876,98.37894,98.328948
2475,98.173701,98.364625,98.270189
2476,98.153603,98.347841,98.346753
2477,98.087522,98.326967,98.31078
2478,97.999769,98.348924,98.33938
2479,98.093699,98.326027,98.359321
2480,98.178223,98.365662,98.378979
2481,98.083858,98.389615,98.320915
2482,98.025633,98.375821,98.319674
2483,97.992752,98.430195,98.351821
2484,98.033617,98.43426,98.304086
2485,98.125686,98.342387,98.385341
2486,97.988753,98.354178,98.423609
2487,97.964323,98.361702,98.368158
2488,97.98862,98.348324,98.368075
2489,97.987515,98.368182,98.338199
2490,97.992188,98.325786,98.369112
2491,97.938575,98.29257,98.331493
2492,97.923709,98.266266,98.368752
2493,97.967699,98.33466,98.389092
2494,97.980412,98.323253,98.277599
2495,97.945892,98.361656,98.315498
2496,97.852742,98.340425,98.359574
2497,97.85648,98.388507,98.400777
2498,97.881967,98.390925,98.389613
2499,97.81689,98.424089,98.360082
2500,97.794735,98.367685,98.388179